Day,Sub-County,Time Slot,Institution,Focus,Product / Item,Price (KES),Category,What to Prepare
Day 1,Mvita,09:00–13:00,Mama Ngina Waterfront,Heritage & waterfront tourism,Sunset Promenade & Ship-Watching,1500,Tourism,Promenade staged at golden hour; binoculars + guide; Likoni Channel ship-watching point.
Day 1,Mvita,09:00–13:00,Mama Ngina Waterfront,Heritage & waterfront tourism,Camel Ride Heritage Safari,2000,Adventure,Camel saddled and groomed; handler in uniform; route past St John's ruins and baobab.
Day 1,Mvita,09:00–13:00,Mama Ngina Waterfront,Heritage & waterfront tourism,Kilindini Cultural Centre Live Session,1500,Culture,Gallery lit; curator delivers live Swahili history session; exhibits staged.
Day 1,Mvita,09:00–13:00,Mama Ngina Waterfront,Heritage & waterfront tourism,Guided Heritage Walk & Slave Caves Story,1200,Tourism,Guide in branded attire; route: ruins → slave caves → pigeon towers → baobab with storytelling.
Day 1,Mvita,09:00–13:00,Mama Ngina Waterfront,Heritage & waterfront tourism,Waterfront Picnic & Movie Night,5000,Leisure,Picnic mat + basket staged; screen set for evening movie on the promenade.
Day 1,Mvita,09:00–13:00,Mama Ngina Waterfront,Heritage & waterfront tourism,Sunrise Yoga on the Promenade,1500,Wellness,Yoga mats on lawn at dawn; instructor on site.
Day 1,Mvita,09:00–13:00,Mama Ngina Waterfront,Heritage & waterfront tourism,Kite Flying Family Day,1000,Kids,Kites + open lawn staged; family activity.
Day 1,Mvita,09:00–13:00,Mama Ngina Waterfront,Heritage & waterfront tourism,Mkate wa Mayai & Madafu Tasting,1000,Dining,"Vendor stall staged with Kachiri, Mkate wa mayai, fresh madafu."
Day 1,Mvita,09:00–13:00,Mama Ngina Waterfront,Heritage & waterfront tourism,Mombasa Golf Club Heritage Round,4000,Sports,First tee staged; flag and green groomed; Kenya's oldest course (1911).
Day 1,Mvita,09:00–13:00,Fort Jesus National Monument,Historical & heritage tourism,Sunset Ramparts & Harbour View Tour,2000,Tourism,Ramparts staged at golden hour; guide narrates 400 years of history; Old Town harbour view.
Day 1,Mvita,09:00–13:00,Fort Jesus National Monument,Historical & heritage tourism,Fort Jesus Moonlight Heritage Tour,2500,Tourism,Evening tour with lanterns; museum galleries lit; dramatic fort silhouettes.
Day 1,Mvita,09:00–13:00,Fort Jesus National Monument,Historical & heritage tourism,Museum by Moonlight — Swahili Storytelling,1500,Culture,Museum courtyard staged; storyteller session on Swahili maritime history.
Day 1,Mvita,09:00–13:00,Fort Jesus National Monument,Historical & heritage tourism,Fort Jesus Photography Walk,1800,Tourism,Photographer-friendly route staged; best light windows flagged.
Day 1,Mvita,09:00–13:00,Fort Jesus National Monument,Historical & heritage tourism,Heritage Drama Performance,2000,Culture,Courtyard stage set; performance re-enacting fort history.
Day 1,Mvita,09:00–13:00,Fort Jesus National Monument,Historical & heritage tourism,School Heritage Day Programme,3000,Education,School group with guide; structured heritage education.
Day 1,Mvita,09:00–13:00,Mombasa Old Town (Mji Wa Kale),Swahili heritage & architecture tourism,Old Town Heritage Walk with Storyteller,1500,Tourism,Guide-storyteller at carved door landmark; route rehearsed through Mji Wa Kale.
Day 1,Mvita,09:00–13:00,Mombasa Old Town (Mji Wa Kale),Swahili heritage & architecture tourism,Spice Market Tasting Walk,800,Culture,"Spice stall staged — cloves, cardamom, cinnamon, turmeric; tasting bowls ready."
Day 1,Mvita,09:00–13:00,Mombasa Old Town (Mji Wa Kale),Swahili heritage & architecture tourism,Carved Door Art Walk,1200,Tourism,Best 3 carved doors cleaned; street clear; guide narrates Swahili craftsmanship.
Day 1,Mvita,09:00–13:00,Mombasa Old Town (Mji Wa Kale),Swahili heritage & architecture tourism,Dhow Sunset Harbour Cruise,4000,Tourism,Dhow staged at harbour; sunset departure; Old Town skyline view.
Day 1,Mvita,09:00–13:00,Mombasa Old Town (Mji Wa Kale),Swahili heritage & architecture tourism,Swahili Cooking Class in Old Town,3500,Culture,Cooking station staged with spices and utensils; chef ready; take-home recipe card.
Day 1,Mvita,09:00–13:00,Mombasa Old Town (Mji Wa Kale),Swahili heritage & architecture tourism,Henna & Kanga Cultural Experience,2000,Culture,Henna artist + kanga fabrics staged in heritage courtyard.
Day 1,Mvita,09:00–13:00,Forodhani Restaurant Mombasa,Culinary & waterfront dining tourism,Sunset Seafood Dinner & Harbour View,3500,Dining,Waterfront table set for golden hour; seafood platter staged.
Day 1,Mvita,09:00–13:00,Forodhani Restaurant Mombasa,Culinary & waterfront dining tourism,Swahili Street Food Safari,1500,Dining,"Stalls staged — Kachiri, Mkate wa mayai, madafu; tasting route."
Day 1,Mvita,09:00–13:00,Forodhani Restaurant Mombasa,Culinary & waterfront dining tourism,Fresh Seafood Platter Experience,2500,Dining,"Grilled fish, prawns, calamari, crab plated on branded dish."
Day 1,Mvita,09:00–13:00,Forodhani Restaurant Mombasa,Culinary & waterfront dining tourism,Taarab Live Music Dinner,4000,Dining,Taarab band staged; dinner table set by the water.
Day 1,Mvita,09:00–13:00,Forodhani Restaurant Mombasa,Culinary & waterfront dining tourism,Couple's Private Waterfront Table,5000,Romance,Table set with candles and flowers; sea view.
Day 1,Mvita,09:00–13:00,Forodhani Restaurant Mombasa,Culinary & waterfront dining tourism,Group Seafood Feast (up to 10),18000,Dining,Long banquet table set with seafood spread.
Day 2,Nyali,09:00–13:00,Tamarind Restaurant & Dhow,Culinary & waterfront dining tourism,Tamarind Dhow Dinner Cruise,8500,Dining,Dhow moored and lit; buffet staged; crew on board; live music ready.
Day 2,Nyali,09:00–13:00,Tamarind Restaurant & Dhow,Culinary & waterfront dining tourism,Dhow Sunset Cocktail Cruise,3000,Dining,Cocktails + canapés staged on dhow deck at sunset.
Day 2,Nyali,09:00–13:00,Tamarind Restaurant & Dhow,Culinary & waterfront dining tourism,Seafood Tasting Masterclass,6000,Dining,"Chef-led tasting of lobster, prawns, crab with Swahili sides; plated staged."
Day 2,Nyali,09:00–13:00,Tamarind Restaurant & Dhow,Culinary & waterfront dining tourism,Chef's Table Experience,8000,Dining,Chef's table staged at kitchen pass; tasting menu.
Day 2,Nyali,09:00–13:00,Tamarind Restaurant & Dhow,Culinary & waterfront dining tourism,Cliffside Couple's Sunset Dinner,6000,Romance,Cliffside table for two at golden hour; ocean view.
Day 2,Nyali,09:00–13:00,English Point Marina,Leisure marina & hospitality tourism,Marina Sundowner Walk,1500,Leisure,Sundowner drinks staged on boardwalk; Tudor Creek view at golden hour.
Day 2,Nyali,09:00–13:00,English Point Marina,Leisure marina & hospitality tourism,Yacht Day Charter Experience,25000,Marine,Yacht staged in berth; crew ready; day charter itinerary.
Day 2,Nyali,09:00–13:00,English Point Marina,Leisure marina & hospitality tourism,Harbour Cruise & Fort Viewing,4000,Marine,Boat staged at jetty; cruise route past Fort Jesus and Old Town.
Day 2,Nyali,09:00–13:00,English Point Marina,Leisure marina & hospitality tourism,Waterfront Dining Voucher,2000,Dining,Boardwalk restaurant table staged with signature dish.
Day 2,Nyali,09:00–13:00,English Point Marina,Leisure marina & hospitality tourism,Marina Event Venue Experience,45000,Events,"Event space dressed: chairs, décor, harbour backdrop."
Day 2,Nyali,09:00–13:00,Voyager Beach Resort,MICE tourism / beach resort hospitality,Ocean View Stay & Breakfast,14000,Accommodation,Room serviced; balcony open to ocean; breakfast staged.
Day 2,Nyali,09:00–13:00,Voyager Beach Resort,MICE tourism / beach resort hospitality,Beach Water Sports Day Pass,2500,Adventure,"Kayaks, snorkel gear, windsurfing staged on beach; instructor ready."
Day 2,Nyali,09:00–13:00,Voyager Beach Resort,MICE tourism / beach resort hospitality,Beach BBQ & Bonfire Night,6000,Dining,BBQ station + bonfire staged at dusk on the beach.
Day 2,Nyali,09:00–13:00,Voyager Beach Resort,MICE tourism / beach resort hospitality,Sunrise Beach Yoga & Breakfast,2000,Wellness,Yoga mats on sand at dawn; healthy breakfast staged.
Day 2,Nyali,09:00–13:00,Voyager Beach Resort,MICE tourism / beach resort hospitality,Conference & Retreat Day,10000,Business,Conference room set; tea breaks and lunch staged.
Day 2,Nyali,09:00–13:00,Sarova Whitesands Beach Resort,MICE tourism / beach resort hospitality,Beachfront Room & Full Board,20000,Accommodation,Ocean-view room serviced; full-board dining staged.
Day 2,Nyali,09:00–13:00,Sarova Whitesands Beach Resort,MICE tourism / beach resort hospitality,Spa & Sunset Ritual,8000,Wellness,"Spa staged: towels, oils, candles; sunset balcony finale."
Day 2,Nyali,09:00–13:00,Sarova Whitesands Beach Resort,MICE tourism / beach resort hospitality,Dhow Evening at Whitesands,9000,Dining,Dhow cruise staged from resort beach with dinner.
Day 2,Nyali,09:00–13:00,Sarova Whitesands Beach Resort,MICE tourism / beach resort hospitality,Swahili Cooking Class,5000,Culture,Cooking station staged; chef + ingredients ready.
Day 2,Nyali,09:00–13:00,Sarova Whitesands Beach Resort,MICE tourism / beach resort hospitality,MICE Retreat Package,12000,Business,Conference hall set with catering and AV.
Day 3,Kisauni,09:00–13:00,Haller Park (Bamburi Nature Trail),Eco-tourism & nature conservation,Giraffe Feeding & Forest Breakfast,2000,Eco-Tourism,Giraffes at viewing platform; pellets ready; breakfast table in the forest.
Day 3,Kisauni,09:00–13:00,Haller Park (Bamburi Nature Trail),Eco-tourism & nature conservation,Nature Walk with Ecologist,1000,Tourism,Ecologist guide on forest trail; restoration story narrated.
Day 3,Kisauni,09:00–13:00,Haller Park (Bamburi Nature Trail),Eco-tourism & nature conservation,Crocodile Feeding Show,600,Eco-Tourism,Croc enclosure staged; feeding demo slot reserved.
Day 3,Kisauni,09:00–13:00,Haller Park (Bamburi Nature Trail),Eco-tourism & nature conservation,Cycling Eco-Tour of the Park,1500,Adventure,Bicycles staged at entrance; trail route marked.
Day 3,Kisauni,09:00–13:00,Haller Park (Bamburi Nature Trail),Eco-tourism & nature conservation,Conservation Film & Talk Evening,1200,Culture,Screening area staged; conservation talk with park naturalist.
Day 3,Kisauni,09:00–13:00,Nguuni Nature Sanctuary,Eco-tourism & nature conservation,Golden Hour Giraffe Feeding,1000,Eco-Tourism,Giraffes at feeding point; pellets ready; sunset light.
Day 3,Kisauni,09:00–13:00,Nguuni Nature Sanctuary,Eco-tourism & nature conservation,Dawn Birdwatching Walk,1200,Eco-Tourism,Binoculars staged at waterhole; guide at first light.
Day 3,Kisauni,09:00–13:00,Nguuni Nature Sanctuary,Eco-tourism & nature conservation,Sanctuary Forest Picnic,2500,Leisure,Picnic staged under acacia; wildlife views.
Day 3,Kisauni,09:00–13:00,Nguuni Nature Sanctuary,Eco-tourism & nature conservation,Guided Nature Meditation Walk,800,Tourism,Quiet trail route; guide leads mindfulness walk.
Day 3,Kisauni,09:00–13:00,PrideInn Convention Centre & Hotel,MICE tourism,Gala Night & Themed Dining,5000,Events,"Gala table staged: décor, place settings, stage."
Day 3,Kisauni,09:00–13:00,PrideInn Convention Centre & Hotel,MICE tourism,Rooftop Sundowner with City Views,2000,Leisure,Rooftop terrace staged with drinks at golden hour.
Day 3,Kisauni,09:00–13:00,PrideInn Convention Centre & Hotel,MICE tourism,Business Networking Brunch,4000,Business,Brunch buffet + networking tables staged.
Day 3,Kisauni,09:00–13:00,PrideInn Convention Centre & Hotel,MICE tourism,Conference & Stay Combo,12000,Business,Conference room set; guest room serviced.
Day 3,Kisauni,09:00–13:00,Serena Beach Resort & Spa,MICE tourism / beach resort hospitality,Swahili Room & Spa Ritual,25000,Accommodation,Swahili-style room serviced; spa treatment staged.
Day 3,Kisauni,09:00–13:00,Serena Beach Resort & Spa,MICE tourism / beach resort hospitality,Beachfront Candlelight Dinner,8000,Romance,Beach table set with candles; coastal menu.
Day 3,Kisauni,09:00–13:00,Serena Beach Resort & Spa,MICE tourism / beach resort hospitality,Swahili Afternoon Tea,4000,Dining,Tea service staged with Swahili pastries in courtyard.
Day 3,Kisauni,09:00–13:00,Serena Beach Resort & Spa,MICE tourism / beach resort hospitality,Dhow Sailing Day Experience,12000,Marine,Dhow staged at Shanzu beach; sailing day itinerary.
Day 3,Kisauni,09:00–13:00,Serena Beach Resort & Spa,MICE tourism / beach resort hospitality,MICE & Spa Retreat,15000,Business,Conference set + spa break programme.
Day 4,Mvita (CBD),09:00–12:00,Kenya National Chamber of Commerce & Industry (KNCCI),Trade & investment facilitation,Business Networking Dinner,5000,Business,Dinner tables + KNCCI banner staged; delegates invited.
Day 4,Mvita (CBD),09:00–12:00,Kenya National Chamber of Commerce & Industry (KNCCI),Trade & investment facilitation,Export Readiness Workshop,8000,Business,Workshop room staged; export materials displayed.
Day 4,Mvita (CBD),09:00–12:00,Kenya National Chamber of Commerce & Industry (KNCCI),Trade & investment facilitation,Trade Mission Day Experience,10000,Business,Trade delegation scene staged with officials.
Day 4,Mvita (CBD),09:00–12:00,Kenya National Chamber of Commerce & Industry (KNCCI),Trade & investment facilitation,Membership & Mentorship Programme,10000,Business,Membership desk + mentorship pairing staged.
Day 4,Mvita (CBD),09:00–12:00,Kenya Association of Manufacturers (KAM),Trade & investment facilitation,Coast Industry Insight Tour,12000,Business,Tour group staged at factory site with KAM liaison.
Day 4,Mvita (CBD),09:00–12:00,Kenya Association of Manufacturers (KAM),Trade & investment facilitation,Manufacturing Forum Day,6000,Business,Forum staged with speakers and delegates.
Day 4,Mvita (CBD),09:00–12:00,Kenya Association of Manufacturers (KAM),Trade & investment facilitation,Policy Breakfast,4000,Business,Breakfast tables staged with policy documents.
Day 4,Mvita (CBD),09:00–12:00,Kenya Association of Manufacturers (KAM),Trade & investment facilitation,Capability Report & Consultation,8000,Business,Reports displayed; consultation desk staged.
Day 4,Mvita (CBD),09:00–12:00,CFAO Mobility Kenya,Automotive showroom & manufacturing,Showroom & Test Drive Day,1000,Automotive,"Showroom staged: vehicles polished, signage visible."
Day 4,Mvita (CBD),09:00–12:00,CFAO Mobility Kenya,Automotive showroom & manufacturing,Auto Care Masterclass,3000,Education,Service bay staged; technician-led session.
Day 4,Mvita (CBD),09:00–12:00,CFAO Mobility Kenya,Automotive showroom & manufacturing,Fleet Solutions Workshop,20000,Business,Consultation room staged with fleet brochure.
Day 4,Mvita (CBD),09:00–12:00,Isuzu East Africa Dealer (Mombasa),Automotive showroom & manufacturing,Isuzu Truck Showcase & Ride,2000,Automotive,Showroom staged; truck lineup; test ride route.
Day 4,Mvita (CBD),09:00–12:00,Isuzu East Africa Dealer (Mombasa),Automotive showroom & manufacturing,Service Bay Experience,3000,Education,Service bay staged with vehicle on lift.
Day 4,Mvita (CBD),09:00–12:00,Isuzu East Africa Dealer (Mombasa),Automotive showroom & manufacturing,Fleet Owner's Day,25000,Business,Fleet owner event staged with Isuzu vehicles.
Day 5,Changamwe,08:00–16:00,Pwani Oil Products Ltd,Manufacturing & industry,Factory Discovery Tour,5000,Education,Plant line running; guide + group at viewing point.
Day 5,Changamwe,08:00–16:00,Pwani Oil Products Ltd,Manufacturing & industry,Live Brand Kitchen Cooking,3000,Dining,Cooking station with Pwani oils staged; chef demo.
Day 5,Changamwe,08:00–16:00,Pwani Oil Products Ltd,Manufacturing & industry,Oil & Soap Making Demo,2000,Education,Demo station staged with products.
Day 5,Changamwe,08:00–16:00,Pwani Oil Products Ltd,Manufacturing & industry,Bulk Oil Supply Experience,500000,Business,Bulk tanker/plant line staged; logistics bay.
Day 5,Likoni,08:00–16:00,Dongo Kundu Special Economic Zone,"Trade, investment & industrial development",SEZ Investor Briefing Day,10000,Investment,Masterplan display staged; officials present.
Day 5,Likoni,08:00–16:00,Dongo Kundu Special Economic Zone,"Trade, investment & industrial development",SEZ Site Tour & Flyover,8000,Investment,Site + drone flyover staged; SEZ signage.
Day 5,Likoni,08:00–16:00,Dongo Kundu Special Economic Zone,"Trade, investment & industrial development",Industrial Plot Allocation Experience,3000000,Investment,Plotted land with markers; SEZ signage.
Day 5,Kisauni,08:00–16:00,Bamburi Cement PLC,Manufacturing & industry,Plant Discovery Tour,5000,Education,Plant entrance + guide staged; safety gear on group.
Day 5,Kisauni,08:00–16:00,Bamburi Cement PLC,Manufacturing & industry,Bamburi–Haller Restoration Walk,2000,Tourism,Walk route staged linking plant heritage to Haller Park.
Day 5,Kisauni,08:00–16:00,Bamburi Cement PLC,Manufacturing & industry,Construction Careers Day,3000,Education,Career session staged with plant professionals.
Day 5,Mvita,08:00–16:00,Kenya Ports Authority - Port of Mombasa,Blue economy & port logistics,Port Behind-the-Scenes Tour,10000,Business,Business delegation staged with port officials; viewing point.
Day 5,Mvita,08:00–16:00,Kenya Ports Authority - Port of Mombasa,Blue economy & port logistics,Container Terminal Viewing Deck,3000,Tourism,Viewing deck staged; gantry cranes in action.
Day 5,Mvita,08:00–16:00,Kenya Ports Authority - Port of Mombasa,Blue economy & port logistics,Marine Pilotage Ride-Along,250000,Marine Services,Pilot boat staged; vessel entering harbour.
Day 5,Mvita,08:00–16:00,Kenya Ports Authority - Port of Mombasa,Blue economy & port logistics,Port Photo Walk,2500,Tourism,Photography route staged at Kilindini with guide.
Day 6,Mvita,09:00–14:00,Mombasa Cruise Terminal,Blue economy & maritime tourism,Shore Excursion City Tour,4500,Tourism,Excursion group staged with guide at terminal exit.
Day 6,Mvita,09:00–14:00,Mombasa Cruise Terminal,Blue economy & maritime tourism,Terminal Welcome Experience,5000,Marine Services,"Terminal staged: desks, welcome signage, lounge."
Day 6,Mvita,09:00–14:00,Mombasa Cruise Terminal,Blue economy & maritime tourism,Cruise Ship-Watching & Harbour Day,3000,Tourism,Viewing point staged; ship schedule displayed.
Day 6,Mvita,09:00–14:00,Mombasa Cruise Terminal,Blue economy & maritime tourism,Beach & Marine Day Package,8000,Tourism,Package scene: beach/dhow staged with excursion banner.
Day 6,Mvita,09:00–14:00,Kenya Maritime Authority (KMA),Maritime regulation & blue economy,Harbour Patrol Boat Tour,5000,Marine Services,Patrol boat staged; guided harbour route.
Day 6,Mvita,09:00–14:00,Kenya Maritime Authority (KMA),Maritime regulation & blue economy,Maritime Careers Day,2000,Education,Careers session staged with KMA officers.
Day 6,Mvita,09:00–14:00,Kenya Maritime Authority (KMA),Maritime regulation & blue economy,Seafarer Skills Workshop,5000,Education,Training room staged with students + instructor.
Day 6,Mvita,09:00–14:00,Siginon Group,Logistics & freight management,Freight Journey Experience,10000,Logistics,Container + ship backdrop staged; journey explained.
Day 6,Mvita,09:00–14:00,Siginon Group,Logistics & freight management,Warehouse & Logistics Tour,5000,Education,Warehouse staged with goods + forklift; guide.
Day 6,Mvita,09:00–14:00,Siginon Group,Logistics & freight management,Customs Clearance Masterclass,8000,Education,Documentation desk staged; expert-led session.
Day 6,Mvita,09:00–14:00,Kenya Coast Guard Service,Maritime security & blue economy,Coast Guard Base & Vessel Tour,3000,Tourism,Patrol vessel staged at base; crew in uniform.
Day 6,Mvita,09:00–14:00,Kenya Coast Guard Service,Maritime security & blue economy,Search & Rescue Showcase Day,5000,Education,Rescue demo staged with crew and boat.
Day 6,Mvita,09:00–14:00,Kenya Coast Guard Service,Maritime security & blue economy,Maritime Safety Demo & Training,2000,Education,Training session staged with coast guard officers.
Day 7,Likoni,08:00–14:00,Liwatoni Fish Port & Fish Market,Fisheries & blue economy,Sunrise Fish Auction Experience,3000,Tourism,"Auction staged: fish crates, auctioneer, buyers at dawn."
Day 7,Likoni,08:00–14:00,Liwatoni Fish Port & Fish Market,Fisheries & blue economy,Fresh Catch Cooking Demo,2500,Dining,Cooking station with fresh catch; chef demo.
Day 7,Likoni,08:00–14:00,Liwatoni Fish Port & Fish Market,Fisheries & blue economy,Market Walk & Seafood Tasting,1500,Tourism,Market stalls staged with fresh catch; tasting route.
Day 7,Likoni,08:00–14:00,Liwatoni Fish Port & Fish Market,Fisheries & blue economy,Fishermen's Story Boat Tour,4000,Tourism,Fishing boat staged; fishermen narrate coastal life.
Day 7,Likoni,08:00–14:00,Kenya Shipyards Ltd,Blue economy - shipbuilding & repair,Dry-Dock Discovery Tour,5000,Education,Vessel in dry-dock staged; workers in safety gear.
Day 7,Likoni,08:00–14:00,Kenya Shipyards Ltd,Blue economy - shipbuilding & repair,Shipbuilding Careers Day,3000,Education,Careers session staged with shipwrights.
Day 7,Likoni,08:00–14:00,Kenya Shipyards Ltd,Blue economy - shipbuilding & repair,Marine Engineering Demo,4000,Education,Engineering workshop staged; live demo.
Day 7,Nyali,08:00–14:00,Kenya Marine & Fisheries Research Institute (KEMFRI),Fisheries research,Marine Science Lab Tour,3000,Education,"Lab staged: researchers, instruments, samples."
Day 7,Nyali,08:00–14:00,Kenya Marine & Fisheries Research Institute (KEMFRI),Fisheries research,Aquaculture Field Day,5000,Education,Fish farm site staged; hands-on session.
Day 7,Nyali,08:00–14:00,Kenya Marine & Fisheries Research Institute (KEMFRI),Fisheries research,Oceanography Workshop,6000,Education,Workshop staged with research vessel or lab.
Day 8,Kisauni,09:00–14:00,Bombolulu Workshops,Creative economy & inclusive enterprise,Jewellery-Making Masterclass,2500,Culture,Artisan benches staged with materials; take-home piece.
Day 8,Kisauni,09:00–14:00,Bombolulu Workshops,Creative economy & inclusive enterprise,Cultural Dance & Music Evening,2000,Culture,Performers in traditional costume staged on stage.
Day 8,Kisauni,09:00–14:00,Bombolulu Workshops,Creative economy & inclusive enterprise,Craft Workshop + Take-Home,1500,Culture,Workshop staged; artisan guides; piece to take home.
Day 8,Kisauni,09:00–14:00,Bombolulu Workshops,Creative economy & inclusive enterprise,Centre Tour & Swahili Lunch,1500,Tourism,Tour route staged; lunch table set.
Day 8,Mvita,09:00–14:00,Mombasa Tea Auction,Agricultural trade,Tea Auction Day Viewing,2000,Business,"Auction hall staged: auctioneer, tea samples, bidders."
Day 8,Mvita,09:00–14:00,Mombasa Tea Auction,Agricultural trade,Tea Tasting Masterclass,3000,Culture,Tasting station with auction-grade Kenyan teas.
Day 8,Mvita,09:00–14:00,Mombasa Tea Auction,Agricultural trade,Tea Trade & Export Seminar,15000,Business,Seminar room staged with export materials.
Day 8,Mvita,09:00–14:00,Swahilipot Hub,Creative economy & innovation,Creative Studio Day Pass,1500,Creative,Studio/makerspace staged with artists at work.
Day 8,Mvita,09:00–14:00,Swahilipot Hub,Creative economy & innovation,Art & Tech Workshop,3000,Education,Workshop session staged with participants.
Day 8,Mvita,09:00–14:00,Swahilipot Hub,Creative economy & innovation,Exhibition Opening Night,5000,Events,Exhibition space staged with art on walls + guests.
Day 8,Changamwe,09:00–14:00,Akamba Handicraft Cooperative,Creative economy & MSMEs,Carve Your Own Souvenir,2500,Culture,Carving bench staged with tools; artisan guides; take-home piece.
Day 8,Changamwe,09:00–14:00,Akamba Handicraft Cooperative,Creative economy & MSMEs,Gallery Walk & Craft Tour,800,Tourism,Gallery rows staged; carvers at work.
Day 8,Changamwe,09:00–14:00,Akamba Handicraft Cooperative,Creative economy & MSMEs,Custom Carving Commission,50000,Products,Signature piece staged; commission consultation.
Day 9,Changamwe,09:00–13:00,Moi International Airport,Infrastructure & connectivity,Airport & Aviation Discovery Tour,5000,Tourism,"Behind-the-scenes tour: terminal, apron gallery, fire & rescue station, runway views. KAA liaison on site."
Day 9,Changamwe,09:00–13:00,Moi International Airport,Infrastructure & connectivity,Plane Spotting & Runway Viewing,2500,Tourism,Runway-viewing spot staged with commentary guide; arrivals/departures timetable.
Day 9,Changamwe,09:00–13:00,Moi International Airport,Infrastructure & connectivity,VIP Fast-Track & Lounge Departure,8000,Travel,Priority check-in staged; fast-track lane; lounge with refreshments.
Day 9,Changamwe,09:00–13:00,Moi International Airport,Infrastructure & connectivity,First-Time Flyer Experience,6000,Travel,Personal escort; journey simulation check-in → security → boarding.
Day 9,Changamwe,09:00–13:00,Moi International Airport,Infrastructure & connectivity,Aviation Discovery Programme (Schools),4000,Education,School group staged with aviation professionals; careers talk.
Day 9,Jomvu,09:00–13:00,Miritini SGR Terminus,Infrastructure & connectivity,SGR Express Journey Experience,3000,Travel,Train at platform staged; station signage visible.
Day 9,Jomvu,09:00–13:00,Miritini SGR Terminus,Infrastructure & connectivity,First Class Travel Experience,5000,Travel,"First-class interior staged: seats, table, amenity."
Day 9,Jomvu,09:00–13:00,Miritini SGR Terminus,Infrastructure & connectivity,Terminus Heritage Walk & Tour,2000,Education,Tour group + guide staged on platform.
Day 9,Jomvu,09:00–13:00,Miritini SGR Terminus,Infrastructure & connectivity,Freight Yard Viewing,3000,Tourism,Freight yard staged with wagons and containers.
Day 9,Jomvu,09:00–13:00,Inland Container Depot (ICD),Infrastructure & logistics,Container Yard Tour,3000,Education,Container yard staged; reach stacker in action.
Day 9,Jomvu,09:00–13:00,Inland Container Depot (ICD),Infrastructure & logistics,Logistics Day Experience,5000,Education,Day programme staged with logistics professionals.
Day 9,Jomvu,09:00–13:00,Inland Container Depot (ICD),Infrastructure & logistics,Customs Process Walkthrough,2000,Education,Documentation desk staged; expert explains process.
Day 10,Mvita,09:00–13:00,Buxton Point Development,Real estate & investment,Waterfront Show Apartment Tour,3000,Real Estate,"Show apartment staged: furniture, harbour views open."
Day 10,Mvita,09:00–13:00,Buxton Point Development,Real estate & investment,Sunset Viewing Deck Experience,1500,Tourism,Viewing deck staged at golden hour over the harbour.
Day 10,Mvita,09:00–13:00,Buxton Point Development,Real estate & investment,Investment Briefing Day,10000,Investment,Briefing room staged with masterplan.
Day 10,Nyali,09:00–13:00,English Point Marina (Real Estate),Real estate & investment,Marina Lifestyle Showcase,2000,Real Estate,Show apartment staged with marina view.
Day 10,Nyali,09:00–13:00,English Point Marina (Real Estate),Real estate & investment,Waterfront Investment Tour,3000,Investment,Sales team + site signage staged.
Day 10,Mvita,09:00–13:00,Kongowea Market,Agriculture & MSME trade,Sunrise Market Walk & Breakfast,1500,Tourism,Market staged at dawn; guide + visitors; breakfast stop.
Day 10,Mvita,09:00–13:00,Kongowea Market,Agriculture & MSME trade,Cook with Market Produce,3000,Culture,Cooking station staged with fresh market baskets.
Day 10,Mvita,09:00–13:00,Kongowea Market,Agriculture & MSME trade,Fresh Produce Basket & Tasting,2000,Products,Baskets filled with fruits/vegetables; tasting table.
Day 10,Mvita,09:00–13:00,Kongowea Market,Agriculture & MSME trade,Trader Story Tour,1000,Tourism,Traders staged at stalls; stories of coastal commerce.
