Day,Sub-County,Time Slot,Institution,Focus,Product / Item,Price (KES),Category,What to Prepare,Video Description,5s Advert
Day 1,Mvita,09:00–13:00,Mama Ngina Waterfront,Heritage & waterfront tourism,Sunset Promenade & Ship-Watching,1500,Tourism,Promenade staged at golden hour; binoculars + guide; Likoni Channel ship-watching point.,"10-15s clip. Promenade staged at golden hour; binoculars + guide; Likoni Channel ship-watching point. Final frame: name + price card. 5s ADVERT: golden-hour promenade pan, camel rides, ships on Likoni Channel, logo card",Yes
Day 1,Mvita,09:00–13:00,Mama Ngina Waterfront,Heritage & waterfront tourism,Camel Ride Heritage Safari,2000,Adventure,Camel saddled and groomed; handler in uniform; route past St John's ruins and baobab.,10-15s clip. Camel saddled and groomed; handler in uniform; route past St John's ruins and baobab. Final frame: name + price card.,No
Day 1,Mvita,09:00–13:00,Mama Ngina Waterfront,Heritage & waterfront tourism,Kilindini Cultural Centre Live Session,1500,Culture,Gallery lit; curator delivers live Swahili history session; exhibits staged.,10-15s clip. Gallery lit; curator delivers live Swahili history session; exhibits staged. Final frame: name + price card.,No
Day 1,Mvita,09:00–13:00,Mama Ngina Waterfront,Heritage & waterfront tourism,Guided Heritage Walk & Slave Caves Story,1200,Tourism,Guide in branded attire; route: ruins → slave caves → pigeon towers → baobab with storytelling.,10-15s clip. Guide in branded attire; route: ruins → slave caves → pigeon towers → baobab with storytelling. Final frame: name + price card.,No
Day 1,Mvita,09:00–13:00,Mama Ngina Waterfront,Heritage & waterfront tourism,Waterfront Picnic & Movie Night,5000,Leisure,Picnic mat + basket staged; screen set for evening movie on the promenade.,10-15s clip. Picnic mat + basket staged; screen set for evening movie on the promenade. Final frame: name + price card.,No
Day 1,Mvita,09:00–13:00,Mama Ngina Waterfront,Heritage & waterfront tourism,Sunrise Yoga on the Promenade,1500,Wellness,Yoga mats on lawn at dawn; instructor on site.,10-15s clip. Yoga mats on lawn at dawn; instructor on site. Final frame: name + price card.,No
Day 1,Mvita,09:00–13:00,Mama Ngina Waterfront,Heritage & waterfront tourism,Kite Flying Family Day,1000,Kids,Kites + open lawn staged; family activity.,10-15s clip. Kites + open lawn staged; family activity. Final frame: name + price card.,No
Day 1,Mvita,09:00–13:00,Mama Ngina Waterfront,Heritage & waterfront tourism,Mkate wa Mayai & Madafu Tasting,1000,Dining,"Vendor stall staged with Kachiri, Mkate wa mayai, fresh madafu.","10-15s clip. Vendor stall staged with Kachiri, Mkate wa mayai, fresh madafu. Final frame: name + price card.",No
Day 1,Mvita,09:00–13:00,Mama Ngina Waterfront,Heritage & waterfront tourism,Mombasa Golf Club Heritage Round,4000,Sports,First tee staged; flag and green groomed; Kenya's oldest course (1911).,10-15s clip. First tee staged; flag and green groomed; Kenya's oldest course (1911). Final frame: name + price card.,No
Day 1,Mvita,09:00–13:00,Fort Jesus National Monument,Historical & heritage tourism,Sunset Ramparts & Harbour View Tour,2000,Tourism,Ramparts staged at golden hour; guide narrates 400 years of history; Old Town harbour view.,"10-15s clip. Ramparts staged at golden hour; guide narrates 400 years of history; Old Town harbour view. Final frame: name + price card. 5s ADVERT: drone over Fort Jesus ramparts, harbour sunset, lantern guide, logo card",Yes
Day 1,Mvita,09:00–13:00,Fort Jesus National Monument,Historical & heritage tourism,Fort Jesus Moonlight Heritage Tour,2500,Tourism,Evening tour with lanterns; museum galleries lit; dramatic fort silhouettes.,10-15s clip. Evening tour with lanterns; museum galleries lit; dramatic fort silhouettes. Final frame: name + price card.,No
Day 1,Mvita,09:00–13:00,Fort Jesus National Monument,Historical & heritage tourism,Museum by Moonlight — Swahili Storytelling,1500,Culture,Museum courtyard staged; storyteller session on Swahili maritime history.,10-15s clip. Museum courtyard staged; storyteller session on Swahili maritime history. Final frame: name + price card.,No
Day 1,Mvita,09:00–13:00,Fort Jesus National Monument,Historical & heritage tourism,Fort Jesus Photography Walk,1800,Tourism,Photographer-friendly route staged; best light windows flagged.,10-15s clip. Photographer-friendly route staged; best light windows flagged. Final frame: name + price card.,No
Day 1,Mvita,09:00–13:00,Fort Jesus National Monument,Historical & heritage tourism,Heritage Drama Performance,2000,Culture,Courtyard stage set; performance re-enacting fort history.,10-15s clip. Courtyard stage set; performance re-enacting fort history. Final frame: name + price card.,No
Day 1,Mvita,09:00–13:00,Fort Jesus National Monument,Historical & heritage tourism,School Heritage Day Programme,3000,Education,School group with guide; structured heritage education.,10-15s clip. School group with guide; structured heritage education. Final frame: name + price card.,No
Day 1,Mvita,09:00–13:00,Mombasa Old Town (Mji Wa Kale),Swahili heritage & architecture tourism,Old Town Heritage Walk with Storyteller,1500,Tourism,Guide-storyteller at carved door landmark; route rehearsed through Mji Wa Kale.,10-15s clip. Guide-storyteller at carved door landmark; route rehearsed through Mji Wa Kale. Final frame: name + price card.,No
Day 1,Mvita,09:00–13:00,Mombasa Old Town (Mji Wa Kale),Swahili heritage & architecture tourism,Spice Market Tasting Walk,800,Culture,"Spice stall staged — cloves, cardamom, cinnamon, turmeric; tasting bowls ready.","10-15s clip. Spice stall staged — cloves, cardamom, cinnamon, turmeric; tasting bowls ready. Final frame: name + price card.",No
Day 1,Mvita,09:00–13:00,Mombasa Old Town (Mji Wa Kale),Swahili heritage & architecture tourism,Carved Door Art Walk,1200,Tourism,Best 3 carved doors cleaned; street clear; guide narrates Swahili craftsmanship.,10-15s clip. Best 3 carved doors cleaned; street clear; guide narrates Swahili craftsmanship. Final frame: name + price card.,No
Day 1,Mvita,09:00–13:00,Mombasa Old Town (Mji Wa Kale),Swahili heritage & architecture tourism,Dhow Sunset Harbour Cruise,4000,Tourism,Dhow staged at harbour; sunset departure; Old Town skyline view.,10-15s clip. Dhow staged at harbour; sunset departure; Old Town skyline view. Final frame: name + price card.,No
Day 1,Mvita,09:00–13:00,Mombasa Old Town (Mji Wa Kale),Swahili heritage & architecture tourism,Swahili Cooking Class in Old Town,3500,Culture,Cooking station staged with spices and utensils; chef ready; take-home recipe card.,10-15s clip. Cooking station staged with spices and utensils; chef ready; take-home recipe card. Final frame: name + price card.,No
Day 1,Mvita,09:00–13:00,Mombasa Old Town (Mji Wa Kale),Swahili heritage & architecture tourism,Henna & Kanga Cultural Experience,2000,Culture,Henna artist + kanga fabrics staged in heritage courtyard.,10-15s clip. Henna artist + kanga fabrics staged in heritage courtyard. Final frame: name + price card.,No
Day 1,Mvita,09:00–13:00,Forodhani Restaurant Mombasa,Culinary & waterfront dining tourism,Sunset Seafood Dinner & Harbour View,3500,Dining,Waterfront table set for golden hour; seafood platter staged.,10-15s clip. Waterfront table set for golden hour; seafood platter staged. Final frame: name + price card.,No
Day 1,Mvita,09:00–13:00,Forodhani Restaurant Mombasa,Culinary & waterfront dining tourism,Swahili Street Food Safari,1500,Dining,"Stalls staged — Kachiri, Mkate wa mayai, madafu; tasting route.","10-15s clip. Stalls staged — Kachiri, Mkate wa mayai, madafu; tasting route. Final frame: name + price card.",No
Day 1,Mvita,09:00–13:00,Forodhani Restaurant Mombasa,Culinary & waterfront dining tourism,Fresh Seafood Platter Experience,2500,Dining,"Grilled fish, prawns, calamari, crab plated on branded dish.","10-15s clip. Grilled fish, prawns, calamari, crab plated on branded dish. Final frame: name + price card. 5s ADVERT: flame-grilled platter, steam close-up, harbour backdrop, logo card",Yes
Day 1,Mvita,09:00–13:00,Forodhani Restaurant Mombasa,Culinary & waterfront dining tourism,Taarab Live Music Dinner,4000,Dining,Taarab band staged; dinner table set by the water.,10-15s clip. Taarab band staged; dinner table set by the water. Final frame: name + price card.,No
Day 1,Mvita,09:00–13:00,Forodhani Restaurant Mombasa,Culinary & waterfront dining tourism,Couple's Private Waterfront Table,5000,Romance,Table set with candles and flowers; sea view.,10-15s clip. Table set with candles and flowers; sea view. Final frame: name + price card.,No
Day 1,Mvita,09:00–13:00,Forodhani Restaurant Mombasa,Culinary & waterfront dining tourism,Group Seafood Feast (up to 10),18000,Dining,Long banquet table set with seafood spread.,10-15s clip. Long banquet table set with seafood spread. Final frame: name + price card.,No
Day 1,Mvita,09:00–13:00,Technical University of Mombasa (TUM),Maritime education & innovation,Maritime Campus Discovery Tour,2000,Education,"Campus tour staged — engineering blocks, marine labs, training vessels.","10-15s clip. Campus tour staged — engineering blocks, marine labs, training vessels. Final frame: name + price card. 5s ADVERT: campus aerial, lab close-ups, students training, logo card",Yes
Day 1,Mvita,09:00–13:00,Technical University of Mombasa (TUM),Maritime education & innovation,Hands-On Engineering Lab Session,2500,Education,Lab demo staged with students + lecturers at work.,10-15s clip. Lab demo staged with students + lecturers at work. Final frame: name + price card.,No
Day 1,Mvita,09:00–13:00,Technical University of Mombasa (TUM),Maritime education & innovation,Marine & Nautical Skills Workshop,3000,Education,"Nautical training demo staged — navigation, seamanship, simulators.","10-15s clip. Nautical training demo staged — navigation, seamanship, simulators. Final frame: name + price card.",No
Day 1,Mvita,09:00–13:00,Technical University of Mombasa (TUM),Maritime education & innovation,Industry Partnership Showcase,1500,Business,Partnership wall + innovation exhibits staged; student projects on display.,10-15s clip. Partnership wall + innovation exhibits staged; student projects on display. Final frame: name + price card.,No
Day 1,Mvita,09:00–13:00,Technical University of Mombasa (TUM),Maritime education & innovation,Future Careers Open Day,2000,Education,"Open day staged — careers stands, student ambassadors, alumni stories.","10-15s clip. Open day staged — careers stands, student ambassadors, alumni stories. Final frame: name + price card.",No
Day 2,Nyali,09:00–13:00,Tamarind Restaurant & Dhow,Culinary & waterfront dining tourism,Tamarind Dhow Dinner Cruise,8500,Dining,Dhow moored and lit; buffet staged; crew on board; live music ready.,"10-15s clip. Dhow moored and lit; buffet staged; crew on board; live music ready. Final frame: name + price card. 5s ADVERT: dhow silhouette at sunset, table spread, toast with crew, logo card",Yes
Day 2,Nyali,09:00–13:00,Tamarind Restaurant & Dhow,Culinary & waterfront dining tourism,Dhow Sunset Cocktail Cruise,3000,Dining,Cocktails + canapés staged on dhow deck at sunset.,10-15s clip. Cocktails + canapés staged on dhow deck at sunset. Final frame: name + price card.,No
Day 2,Nyali,09:00–13:00,Tamarind Restaurant & Dhow,Culinary & waterfront dining tourism,Seafood Tasting Masterclass,6000,Dining,"Chef-led tasting of lobster, prawns, crab with Swahili sides; plated staged.","10-15s clip. Chef-led tasting of lobster, prawns, crab with Swahili sides; plated staged. Final frame: name + price card.",No
Day 2,Nyali,09:00–13:00,Tamarind Restaurant & Dhow,Culinary & waterfront dining tourism,Chef's Table Experience,8000,Dining,Chef's table staged at kitchen pass; tasting menu.,10-15s clip. Chef's table staged at kitchen pass; tasting menu. Final frame: name + price card.,No
Day 2,Nyali,09:00–13:00,Tamarind Restaurant & Dhow,Culinary & waterfront dining tourism,Cliffside Couple's Sunset Dinner,6000,Romance,Cliffside table for two at golden hour; ocean view.,10-15s clip. Cliffside table for two at golden hour; ocean view. Final frame: name + price card.,No
Day 2,Nyali,09:00–13:00,English Point Marina,Leisure marina & hospitality tourism,Marina Sundowner Walk,1500,Leisure,Sundowner drinks staged on boardwalk; Tudor Creek view at golden hour.,10-15s clip. Sundowner drinks staged on boardwalk; Tudor Creek view at golden hour. Final frame: name + price card.,No
Day 2,Nyali,09:00–13:00,English Point Marina,Leisure marina & hospitality tourism,Yacht Day Charter Experience,25000,Marine,Yacht staged in berth; crew ready; day charter itinerary.,10-15s clip. Yacht staged in berth; crew ready; day charter itinerary. Final frame: name + price card.,No
Day 2,Nyali,09:00–13:00,English Point Marina,Leisure marina & hospitality tourism,Harbour Cruise & Fort Viewing,4000,Marine,Boat staged at jetty; cruise route past Fort Jesus and Old Town.,10-15s clip. Boat staged at jetty; cruise route past Fort Jesus and Old Town. Final frame: name + price card.,No
Day 2,Nyali,09:00–13:00,English Point Marina,Leisure marina & hospitality tourism,Waterfront Dining Voucher,2000,Dining,Boardwalk restaurant table staged with signature dish.,10-15s clip. Boardwalk restaurant table staged with signature dish. Final frame: name + price card.,No
Day 2,Nyali,09:00–13:00,English Point Marina,Leisure marina & hospitality tourism,Marina Event Venue Experience,45000,Events,"Event space dressed: chairs, décor, harbour backdrop.","10-15s clip. Event space dressed: chairs, décor, harbour backdrop. Final frame: name + price card.",No
Day 2,Nyali,09:00–13:00,Voyager Beach Resort,MICE tourism / beach resort hospitality,Ocean View Stay & Breakfast,14000,Accommodation,Room serviced; balcony open to ocean; breakfast staged.,10-15s clip. Room serviced; balcony open to ocean; breakfast staged. Final frame: name + price card.,No
Day 2,Nyali,09:00–13:00,Voyager Beach Resort,MICE tourism / beach resort hospitality,Beach Water Sports Day Pass,2500,Adventure,"Kayaks, snorkel gear, windsurfing staged on beach; instructor ready.","10-15s clip. Kayaks, snorkel gear, windsurfing staged on beach; instructor ready. Final frame: name + price card.",No
Day 2,Nyali,09:00–13:00,Voyager Beach Resort,MICE tourism / beach resort hospitality,Beach BBQ & Bonfire Night,6000,Dining,BBQ station + bonfire staged at dusk on the beach.,10-15s clip. BBQ station + bonfire staged at dusk on the beach. Final frame: name + price card.,No
Day 2,Nyali,09:00–13:00,Voyager Beach Resort,MICE tourism / beach resort hospitality,Sunrise Beach Yoga & Breakfast,2000,Wellness,Yoga mats on sand at dawn; healthy breakfast staged.,10-15s clip. Yoga mats on sand at dawn; healthy breakfast staged. Final frame: name + price card.,No
Day 2,Nyali,09:00–13:00,Voyager Beach Resort,MICE tourism / beach resort hospitality,Conference & Retreat Day,10000,Business,Conference room set; tea breaks and lunch staged.,10-15s clip. Conference room set; tea breaks and lunch staged. Final frame: name + price card.,No
Day 2,Nyali,09:00–13:00,Sarova Whitesands Beach Resort,MICE tourism / beach resort hospitality,Beachfront Room & Full Board,20000,Accommodation,Ocean-view room serviced; full-board dining staged.,"10-15s clip. Ocean-view room serviced; full-board dining staged. Final frame: name + price card. 5s ADVERT: room reveal, beach slow-mo, pool, logo card",Yes
Day 2,Nyali,09:00–13:00,Sarova Whitesands Beach Resort,MICE tourism / beach resort hospitality,Spa & Sunset Ritual,8000,Wellness,"Spa staged: towels, oils, candles; sunset balcony finale.","10-15s clip. Spa staged: towels, oils, candles; sunset balcony finale. Final frame: name + price card.",No
Day 2,Nyali,09:00–13:00,Sarova Whitesands Beach Resort,MICE tourism / beach resort hospitality,Dhow Evening at Whitesands,9000,Dining,Dhow cruise staged from resort beach with dinner.,10-15s clip. Dhow cruise staged from resort beach with dinner. Final frame: name + price card.,No
Day 2,Nyali,09:00–13:00,Sarova Whitesands Beach Resort,MICE tourism / beach resort hospitality,Swahili Cooking Class,5000,Culture,Cooking station staged; chef + ingredients ready.,10-15s clip. Cooking station staged; chef + ingredients ready. Final frame: name + price card.,No
Day 2,Nyali,09:00–13:00,Sarova Whitesands Beach Resort,MICE tourism / beach resort hospitality,MICE Retreat Package,12000,Business,Conference hall set with catering and AV.,10-15s clip. Conference hall set with catering and AV. Final frame: name + price card.,No
Day 2,Nyali,09:00–13:00,Nyali Golf Club,Sports tourism & golfing,18-Hole Championship Round,5000,Sports,First tee staged; caddies ready; greens groomed.,"10-15s clip. First tee staged; caddies ready; greens groomed. Final frame: name + price card. 5s ADVERT: fairway drone, tee shot, clubhouse vista, logo card",Yes
Day 2,Nyali,09:00–13:00,Nyali Golf Club,Sports tourism & golfing,Golf Lesson with Pro,3500,Sports,Pro staged at practice range with clubs and balls.,10-15s clip. Pro staged at practice range with clubs and balls. Final frame: name + price card.,No
Day 2,Nyali,09:00–13:00,Nyali Golf Club,Sports tourism & golfing,Clubhouse Sundowner & Dining,2500,Dining,Clubhouse table staged with drinks and coastal views.,10-15s clip. Clubhouse table staged with drinks and coastal views. Final frame: name + price card.,No
Day 2,Nyali,09:00–13:00,Nyali Golf Club,Sports tourism & golfing,Tournament Day Experience,8000,Sports,"Tournament staging — scoreboards, marshals, club flags.","10-15s clip. Tournament staging — scoreboards, marshals, club flags. Final frame: name + price card.",No
Day 2,Nyali,09:00–13:00,Nyali Golf Club,Sports tourism & golfing,Junior Golf Academy Session,2000,Kids,Junior coaching staged at academy tees.,10-15s clip. Junior coaching staged at academy tees. Final frame: name + price card.,No
Day 2,Nyali,09:00–13:00,English Point Marina (Real Estate),Real estate & investment,Marina Lifestyle Showcase,2000,Real Estate,Show apartment staged with marina view.,10-15s clip. Show apartment staged with marina view. Final frame: name + price card.,No
Day 2,Nyali,09:00–13:00,English Point Marina (Real Estate),Real estate & investment,Waterfront Investment Tour,3000,Investment,Sales team + site signage staged.,10-15s clip. Sales team + site signage staged. Final frame: name + price card.,No
Day 3,Kisauni,09:00–13:00,Haller Park (Bamburi Nature Trail),Eco-tourism & nature conservation,Giraffe Feeding & Forest Breakfast,2000,Eco-Tourism,Giraffes at viewing platform; pellets ready; breakfast table in the forest.,"10-15s clip. Giraffes at viewing platform; pellets ready; breakfast table in the forest. Final frame: name + price card. 5s ADVERT: giraffe close-up, hand-feeding, forest breakfast, logo card",Yes
Day 3,Kisauni,09:00–13:00,Haller Park (Bamburi Nature Trail),Eco-tourism & nature conservation,Nature Walk with Ecologist,1000,Tourism,Ecologist guide on forest trail; restoration story narrated.,10-15s clip. Ecologist guide on forest trail; restoration story narrated. Final frame: name + price card.,No
Day 3,Kisauni,09:00–13:00,Haller Park (Bamburi Nature Trail),Eco-tourism & nature conservation,Crocodile Feeding Show,600,Eco-Tourism,Croc enclosure staged; feeding demo slot reserved.,10-15s clip. Croc enclosure staged; feeding demo slot reserved. Final frame: name + price card.,No
Day 3,Kisauni,09:00–13:00,Haller Park (Bamburi Nature Trail),Eco-tourism & nature conservation,Cycling Eco-Tour of the Park,1500,Adventure,Bicycles staged at entrance; trail route marked.,10-15s clip. Bicycles staged at entrance; trail route marked. Final frame: name + price card.,No
Day 3,Kisauni,09:00–13:00,Haller Park (Bamburi Nature Trail),Eco-tourism & nature conservation,Conservation Film & Talk Evening,1200,Culture,Screening area staged; conservation talk with park naturalist.,10-15s clip. Screening area staged; conservation talk with park naturalist. Final frame: name + price card.,No
Day 3,Kisauni,09:00–13:00,Nguuni Nature Sanctuary,Eco-tourism & nature conservation,Golden Hour Giraffe Feeding,1000,Eco-Tourism,Giraffes at feeding point; pellets ready; sunset light.,10-15s clip. Giraffes at feeding point; pellets ready; sunset light. Final frame: name + price card.,No
Day 3,Kisauni,09:00–13:00,Nguuni Nature Sanctuary,Eco-tourism & nature conservation,Dawn Birdwatching Walk,1200,Eco-Tourism,Binoculars staged at waterhole; guide at first light.,10-15s clip. Binoculars staged at waterhole; guide at first light. Final frame: name + price card.,No
Day 3,Kisauni,09:00–13:00,Nguuni Nature Sanctuary,Eco-tourism & nature conservation,Sanctuary Forest Picnic,2500,Leisure,Picnic staged under acacia; wildlife views.,10-15s clip. Picnic staged under acacia; wildlife views. Final frame: name + price card.,No
Day 3,Kisauni,09:00–13:00,Nguuni Nature Sanctuary,Eco-tourism & nature conservation,Guided Nature Meditation Walk,800,Tourism,Quiet trail route; guide leads mindfulness walk.,10-15s clip. Quiet trail route; guide leads mindfulness walk. Final frame: name + price card.,No
Day 3,Kisauni,09:00–13:00,PrideInn Convention Centre & Hotel,MICE tourism,Gala Night & Themed Dining,5000,Events,"Gala table staged: décor, place settings, stage.","10-15s clip. Gala table staged: décor, place settings, stage. Final frame: name + price card.",No
Day 3,Kisauni,09:00–13:00,PrideInn Convention Centre & Hotel,MICE tourism,Rooftop Sundowner with City Views,2000,Leisure,Rooftop terrace staged with drinks at golden hour.,10-15s clip. Rooftop terrace staged with drinks at golden hour. Final frame: name + price card.,No
Day 3,Kisauni,09:00–13:00,PrideInn Convention Centre & Hotel,MICE tourism,Business Networking Brunch,4000,Business,Brunch buffet + networking tables staged.,10-15s clip. Brunch buffet + networking tables staged. Final frame: name + price card.,No
Day 3,Kisauni,09:00–13:00,PrideInn Convention Centre & Hotel,MICE tourism,Conference & Stay Combo,12000,Business,Conference room set; guest room serviced.,10-15s clip. Conference room set; guest room serviced. Final frame: name + price card.,No
Day 3,Kisauni,09:00–13:00,Serena Beach Resort & Spa,MICE tourism / beach resort hospitality,Swahili Room & Spa Ritual,25000,Accommodation,Swahili-style room serviced; spa treatment staged.,10-15s clip. Swahili-style room serviced; spa treatment staged. Final frame: name + price card.,No
Day 3,Kisauni,09:00–13:00,Serena Beach Resort & Spa,MICE tourism / beach resort hospitality,Beachfront Candlelight Dinner,8000,Romance,Beach table set with candles; coastal menu.,10-15s clip. Beach table set with candles; coastal menu. Final frame: name + price card.,No
Day 3,Kisauni,09:00–13:00,Serena Beach Resort & Spa,MICE tourism / beach resort hospitality,Swahili Afternoon Tea,4000,Dining,Tea service staged with Swahili pastries in courtyard.,10-15s clip. Tea service staged with Swahili pastries in courtyard. Final frame: name + price card.,No
Day 3,Kisauni,09:00–13:00,Serena Beach Resort & Spa,MICE tourism / beach resort hospitality,Dhow Sailing Day Experience,12000,Marine,Dhow staged at Shanzu beach; sailing day itinerary.,10-15s clip. Dhow staged at Shanzu beach; sailing day itinerary. Final frame: name + price card.,No
Day 3,Kisauni,09:00–13:00,Serena Beach Resort & Spa,MICE tourism / beach resort hospitality,MICE & Spa Retreat,15000,Business,Conference set + spa break programme.,10-15s clip. Conference set + spa break programme. Final frame: name + price card.,No
Day 3,Kisauni,09:00–13:00,Bombolulu Workshops,Creative economy & inclusive enterprise,Jewellery-Making Masterclass,2500,Culture,Artisan benches staged with materials; take-home piece.,10-15s clip. Artisan benches staged with materials; take-home piece. Final frame: name + price card.,No
Day 3,Kisauni,09:00–13:00,Bombolulu Workshops,Creative economy & inclusive enterprise,Cultural Dance & Music Evening,2000,Culture,Performers in traditional costume staged on stage.,10-15s clip. Performers in traditional costume staged on stage. Final frame: name + price card.,No
Day 3,Kisauni,09:00–13:00,Bombolulu Workshops,Creative economy & inclusive enterprise,Craft Workshop + Take-Home,1500,Culture,Workshop staged; artisan guides; piece to take home.,10-15s clip. Workshop staged; artisan guides; piece to take home. Final frame: name + price card.,No
Day 3,Kisauni,09:00–13:00,Bombolulu Workshops,Creative economy & inclusive enterprise,Centre Tour & Swahili Lunch,1500,Tourism,Tour route staged; lunch table set.,10-15s clip. Tour route staged; lunch table set. Final frame: name + price card.,No
Day 4,Mvita (CBD),09:00–12:00,Kenya National Chamber of Commerce & Industry (KNCCI),Trade & investment facilitation,Business Networking Dinner,5000,Business,Dinner tables + KNCCI banner staged; delegates invited.,10-15s clip. Dinner tables + KNCCI banner staged; delegates invited. Final frame: name + price card.,No
Day 4,Mvita (CBD),09:00–12:00,Kenya National Chamber of Commerce & Industry (KNCCI),Trade & investment facilitation,Export Readiness Workshop,8000,Business,Workshop room staged; export materials displayed.,10-15s clip. Workshop room staged; export materials displayed. Final frame: name + price card.,No
Day 4,Mvita (CBD),09:00–12:00,Kenya National Chamber of Commerce & Industry (KNCCI),Trade & investment facilitation,Trade Mission Day Experience,10000,Business,Trade delegation scene staged with officials.,10-15s clip. Trade delegation scene staged with officials. Final frame: name + price card.,No
Day 4,Mvita (CBD),09:00–12:00,Kenya National Chamber of Commerce & Industry (KNCCI),Trade & investment facilitation,Membership & Mentorship Programme,10000,Business,Membership desk + mentorship pairing staged.,10-15s clip. Membership desk + mentorship pairing staged. Final frame: name + price card.,No
Day 4,Mvita (CBD),09:00–12:00,Kenya Association of Manufacturers (KAM),Trade & investment facilitation,Coast Industry Insight Tour,12000,Business,Tour group staged at factory site with KAM liaison.,10-15s clip. Tour group staged at factory site with KAM liaison. Final frame: name + price card.,No
Day 4,Mvita (CBD),09:00–12:00,Kenya Association of Manufacturers (KAM),Trade & investment facilitation,Manufacturing Forum Day,6000,Business,Forum staged with speakers and delegates.,10-15s clip. Forum staged with speakers and delegates. Final frame: name + price card.,No
Day 4,Mvita (CBD),09:00–12:00,Kenya Association of Manufacturers (KAM),Trade & investment facilitation,Policy Breakfast,4000,Business,Breakfast tables staged with policy documents.,10-15s clip. Breakfast tables staged with policy documents. Final frame: name + price card.,No
Day 4,Mvita (CBD),09:00–12:00,Kenya Association of Manufacturers (KAM),Trade & investment facilitation,Capability Report & Consultation,8000,Business,Reports displayed; consultation desk staged.,10-15s clip. Reports displayed; consultation desk staged. Final frame: name + price card.,No
Day 4,Mvita (CBD),09:00–12:00,CFAO Mobility Kenya,Automotive showroom & manufacturing,Showroom & Test Drive Day,1000,Automotive,"Showroom staged: vehicles polished, signage visible.","10-15s clip. Showroom staged: vehicles polished, signage visible. Final frame: name + price card.",No
Day 4,Mvita (CBD),09:00–12:00,CFAO Mobility Kenya,Automotive showroom & manufacturing,Auto Care Masterclass,3000,Education,Service bay staged; technician-led session.,10-15s clip. Service bay staged; technician-led session. Final frame: name + price card.,No
Day 4,Mvita (CBD),09:00–12:00,CFAO Mobility Kenya,Automotive showroom & manufacturing,Fleet Solutions Workshop,20000,Business,Consultation room staged with fleet brochure.,10-15s clip. Consultation room staged with fleet brochure. Final frame: name + price card.,No
Day 4,Mvita (CBD),09:00–12:00,Isuzu East Africa Dealer (Mombasa),Automotive showroom & manufacturing,Isuzu Truck Showcase & Ride,2000,Automotive,Showroom staged; truck lineup; test ride route.,10-15s clip. Showroom staged; truck lineup; test ride route. Final frame: name + price card.,No
Day 4,Mvita (CBD),09:00–12:00,Isuzu East Africa Dealer (Mombasa),Automotive showroom & manufacturing,Service Bay Experience,3000,Education,Service bay staged with vehicle on lift.,10-15s clip. Service bay staged with vehicle on lift. Final frame: name + price card.,No
Day 4,Mvita (CBD),09:00–12:00,Isuzu East Africa Dealer (Mombasa),Automotive showroom & manufacturing,Fleet Owner's Day,25000,Business,Fleet owner event staged with Isuzu vehicles.,10-15s clip. Fleet owner event staged with Isuzu vehicles. Final frame: name + price card.,No
Day 4,Mvita (CBD),09:00–12:00,Coast General Teaching & Referral Hospital,Healthcare services & medical tourism,Wellness & Health Screening Day,5000,Wellness,Screening stations staged; medical staff on site.,10-15s clip. Screening stations staged; medical staff on site. Final frame: name + price card.,No
Day 4,Mvita (CBD),09:00–12:00,Coast General Teaching & Referral Hospital,Healthcare services & medical tourism,Medical Careers Discovery Tour,2000,Education,Hospital tour staged with clinicians; departments showcased.,10-15s clip. Hospital tour staged with clinicians; departments showcased. Final frame: name + price card.,No
Day 4,Mvita (CBD),09:00–12:00,Coast General Teaching & Referral Hospital,Healthcare services & medical tourism,Specialist Consultation Experience,10000,Healthcare,Consultation room staged; specialist ready.,10-15s clip. Consultation room staged; specialist ready. Final frame: name + price card.,No
Day 4,Mvita (CBD),09:00–12:00,Coast General Teaching & Referral Hospital,Healthcare services & medical tourism,Community Health Outreach Day,3000,Healthcare,Outreach clinic staged with health workers.,10-15s clip. Outreach clinic staged with health workers. Final frame: name + price card.,No
Day 5,Changamwe,08:00–16:00,Pwani Oil Products Ltd,Manufacturing & industry,Factory Discovery Tour,5000,Education,Plant line running; guide + group at viewing point.,10-15s clip. Plant line running; guide + group at viewing point. Final frame: name + price card.,No
Day 5,Changamwe,08:00–16:00,Pwani Oil Products Ltd,Manufacturing & industry,Live Brand Kitchen Cooking,3000,Dining,Cooking station with Pwani oils staged; chef demo.,10-15s clip. Cooking station with Pwani oils staged; chef demo. Final frame: name + price card.,No
Day 5,Changamwe,08:00–16:00,Pwani Oil Products Ltd,Manufacturing & industry,Oil & Soap Making Demo,2000,Education,Demo station staged with products.,10-15s clip. Demo station staged with products. Final frame: name + price card.,No
Day 5,Changamwe,08:00–16:00,Pwani Oil Products Ltd,Manufacturing & industry,Bulk Oil Supply Experience,500000,Business,Bulk tanker/plant line staged; logistics bay.,10-15s clip. Bulk tanker/plant line staged; logistics bay. Final frame: name + price card.,No
Day 5,Mvita,08:00–16:00,Kenya Ports Authority - Port of Mombasa,Blue economy & port logistics,Port Behind-the-Scenes Tour,10000,Business,Business delegation staged with port officials; viewing point.,10-15s clip. Business delegation staged with port officials; viewing point. Final frame: name + price card.,No
Day 5,Mvita,08:00–16:00,Kenya Ports Authority - Port of Mombasa,Blue economy & port logistics,Container Terminal Viewing Deck,3000,Tourism,Viewing deck staged; gantry cranes in action.,10-15s clip. Viewing deck staged; gantry cranes in action. Final frame: name + price card.,No
Day 5,Mvita,08:00–16:00,Kenya Ports Authority - Port of Mombasa,Blue economy & port logistics,Marine Pilotage Ride-Along,250000,Marine Services,Pilot boat staged; vessel entering harbour.,10-15s clip. Pilot boat staged; vessel entering harbour. Final frame: name + price card.,No
Day 5,Mvita,08:00–16:00,Kenya Ports Authority - Port of Mombasa,Blue economy & port logistics,Port Photo Walk,2500,Tourism,Photography route staged at Kilindini with guide.,10-15s clip. Photography route staged at Kilindini with guide. Final frame: name + price card.,No
Day 5,Nyali,08:00–16:00,Kenya Marine & Fisheries Research Institute (KEMFRI),Fisheries research,Marine Science Lab Tour,3000,Education,"Lab staged: researchers, instruments, samples.","10-15s clip. Lab staged: researchers, instruments, samples. Final frame: name + price card.",No
Day 5,Nyali,08:00–16:00,Kenya Marine & Fisheries Research Institute (KEMFRI),Fisheries research,Aquaculture Field Day,5000,Education,Fish farm site staged; hands-on session.,10-15s clip. Fish farm site staged; hands-on session. Final frame: name + price card.,No
Day 5,Nyali,08:00–16:00,Kenya Marine & Fisheries Research Institute (KEMFRI),Fisheries research,Oceanography Workshop,6000,Education,Workshop staged with research vessel or lab.,10-15s clip. Workshop staged with research vessel or lab. Final frame: name + price card.,No
Day 5,Kisauni,08:00–16:00,Bamburi Cement PLC,Manufacturing & industry,Plant Discovery Tour,5000,Education,Plant entrance + guide staged; safety gear on group.,10-15s clip. Plant entrance + guide staged; safety gear on group. Final frame: name + price card.,No
Day 5,Kisauni,08:00–16:00,Bamburi Cement PLC,Manufacturing & industry,Bamburi–Haller Restoration Walk,2000,Tourism,Walk route staged linking plant heritage to Haller Park.,10-15s clip. Walk route staged linking plant heritage to Haller Park. Final frame: name + price card.,No
Day 5,Kisauni,08:00–16:00,Bamburi Cement PLC,Manufacturing & industry,Construction Careers Day,3000,Education,Career session staged with plant professionals.,10-15s clip. Career session staged with plant professionals. Final frame: name + price card.,No
Day 6,Mvita,09:00–14:00,Mombasa Cruise Terminal,Blue economy & maritime tourism,Shore Excursion City Tour,4500,Tourism,Excursion group staged with guide at terminal exit.,10-15s clip. Excursion group staged with guide at terminal exit. Final frame: name + price card.,No
Day 6,Mvita,09:00–14:00,Mombasa Cruise Terminal,Blue economy & maritime tourism,Terminal Welcome Experience,5000,Marine Services,"Terminal staged: desks, welcome signage, lounge.","10-15s clip. Terminal staged: desks, welcome signage, lounge. Final frame: name + price card.",No
Day 6,Mvita,09:00–14:00,Mombasa Cruise Terminal,Blue economy & maritime tourism,Cruise Ship-Watching & Harbour Day,3000,Tourism,Viewing point staged; ship schedule displayed.,10-15s clip. Viewing point staged; ship schedule displayed. Final frame: name + price card.,No
Day 6,Mvita,09:00–14:00,Mombasa Cruise Terminal,Blue economy & maritime tourism,Beach & Marine Day Package,8000,Tourism,Package scene: beach/dhow staged with excursion banner.,10-15s clip. Package scene: beach/dhow staged with excursion banner. Final frame: name + price card.,No
Day 6,Mvita,09:00–14:00,Kenya Maritime Authority (KMA),Maritime regulation & blue economy,Harbour Patrol Boat Tour,5000,Marine Services,Patrol boat staged; guided harbour route.,10-15s clip. Patrol boat staged; guided harbour route. Final frame: name + price card.,No
Day 6,Mvita,09:00–14:00,Kenya Maritime Authority (KMA),Maritime regulation & blue economy,Maritime Careers Day,2000,Education,Careers session staged with KMA officers.,10-15s clip. Careers session staged with KMA officers. Final frame: name + price card.,No
Day 6,Mvita,09:00–14:00,Kenya Maritime Authority (KMA),Maritime regulation & blue economy,Seafarer Skills Workshop,5000,Education,Training room staged with students + instructor.,10-15s clip. Training room staged with students + instructor. Final frame: name + price card.,No
Day 6,Mvita,09:00–14:00,Siginon Group,Logistics & freight management,Freight Journey Experience,10000,Logistics,Container + ship backdrop staged; journey explained.,10-15s clip. Container + ship backdrop staged; journey explained. Final frame: name + price card.,No
Day 6,Mvita,09:00–14:00,Siginon Group,Logistics & freight management,Warehouse & Logistics Tour,5000,Education,Warehouse staged with goods + forklift; guide.,10-15s clip. Warehouse staged with goods + forklift; guide. Final frame: name + price card.,No
Day 6,Mvita,09:00–14:00,Siginon Group,Logistics & freight management,Customs Clearance Masterclass,8000,Education,Documentation desk staged; expert-led session.,10-15s clip. Documentation desk staged; expert-led session. Final frame: name + price card.,No
Day 6,Mvita,09:00–14:00,Kenya Coast Guard Service,Maritime security & blue economy,Coast Guard Base & Vessel Tour,3000,Tourism,Patrol vessel staged at base; crew in uniform.,10-15s clip. Patrol vessel staged at base; crew in uniform. Final frame: name + price card.,No
Day 6,Mvita,09:00–14:00,Kenya Coast Guard Service,Maritime security & blue economy,Search & Rescue Showcase Day,5000,Education,Rescue demo staged with crew and boat.,10-15s clip. Rescue demo staged with crew and boat. Final frame: name + price card.,No
Day 6,Mvita,09:00–14:00,Kenya Coast Guard Service,Maritime security & blue economy,Maritime Safety Demo & Training,2000,Education,Training session staged with coast guard officers.,10-15s clip. Training session staged with coast guard officers. Final frame: name + price card.,No
Day 7,Likoni,08:00–14:00,Liwatoni Fish Port & Fish Market,Fisheries & blue economy,Sunrise Fish Auction Experience,3000,Tourism,"Auction staged: fish crates, auctioneer, buyers at dawn.","10-15s clip. Auction staged: fish crates, auctioneer, buyers at dawn. Final frame: name + price card. 5s ADVERT: dawn harbour, auction chant, buyers bidding, logo card",Yes
Day 7,Likoni,08:00–14:00,Liwatoni Fish Port & Fish Market,Fisheries & blue economy,Fresh Catch Cooking Demo,2500,Dining,Cooking station with fresh catch; chef demo.,10-15s clip. Cooking station with fresh catch; chef demo. Final frame: name + price card.,No
Day 7,Likoni,08:00–14:00,Liwatoni Fish Port & Fish Market,Fisheries & blue economy,Market Walk & Seafood Tasting,1500,Tourism,Market stalls staged with fresh catch; tasting route.,10-15s clip. Market stalls staged with fresh catch; tasting route. Final frame: name + price card.,No
Day 7,Likoni,08:00–14:00,Liwatoni Fish Port & Fish Market,Fisheries & blue economy,Fishermen's Story Boat Tour,4000,Tourism,Fishing boat staged; fishermen narrate coastal life.,10-15s clip. Fishing boat staged; fishermen narrate coastal life. Final frame: name + price card.,No
Day 7,Likoni,08:00–14:00,Kenya Shipyards Ltd,Blue economy - shipbuilding & repair,Dry-Dock Discovery Tour,5000,Education,Vessel in dry-dock staged; workers in safety gear.,10-15s clip. Vessel in dry-dock staged; workers in safety gear. Final frame: name + price card.,No
Day 7,Likoni,08:00–14:00,Kenya Shipyards Ltd,Blue economy - shipbuilding & repair,Shipbuilding Careers Day,3000,Education,Careers session staged with shipwrights.,10-15s clip. Careers session staged with shipwrights. Final frame: name + price card.,No
Day 7,Likoni,08:00–14:00,Kenya Shipyards Ltd,Blue economy - shipbuilding & repair,Marine Engineering Demo,4000,Education,Engineering workshop staged; live demo.,10-15s clip. Engineering workshop staged; live demo. Final frame: name + price card.,No
Day 7,Likoni,08:00–14:00,Dongo Kundu Special Economic Zone,"Trade, investment & industrial development",SEZ Investor Briefing Day,10000,Investment,Masterplan display staged; officials present.,10-15s clip. Masterplan display staged; officials present. Final frame: name + price card.,No
Day 7,Likoni,08:00–14:00,Dongo Kundu Special Economic Zone,"Trade, investment & industrial development",SEZ Site Tour & Flyover,8000,Investment,Site + drone flyover staged; SEZ signage.,10-15s clip. Site + drone flyover staged; SEZ signage. Final frame: name + price card.,No
Day 7,Likoni,08:00–14:00,Dongo Kundu Special Economic Zone,"Trade, investment & industrial development",Industrial Plot Allocation Experience,3000000,Investment,Plotted land with markers; SEZ signage.,10-15s clip. Plotted land with markers; SEZ signage. Final frame: name + price card.,No
Day 8,Mvita,09:00–14:00,Buxton Point Development,Real estate & investment,Waterfront Show Apartment Tour,3000,Real Estate,"Show apartment staged: furniture, harbour views open.","10-15s clip. Show apartment staged: furniture, harbour views open. Final frame: name + price card. 5s ADVERT: apartment reveal, harbour view pan, lifestyle detail, logo card",Yes
Day 8,Mvita,09:00–14:00,Buxton Point Development,Real estate & investment,Sunset Viewing Deck Experience,1500,Tourism,Viewing deck staged at golden hour over the harbour.,10-15s clip. Viewing deck staged at golden hour over the harbour. Final frame: name + price card.,No
Day 8,Mvita,09:00–14:00,Buxton Point Development,Real estate & investment,Investment Briefing Day,10000,Investment,Briefing room staged with masterplan.,10-15s clip. Briefing room staged with masterplan. Final frame: name + price card.,No
Day 8,Mvita,09:00–14:00,Mombasa Tea Auction,Agricultural trade,Tea Auction Day Viewing,2000,Business,"Auction hall staged: auctioneer, tea samples, bidders.","10-15s clip. Auction hall staged: auctioneer, tea samples, bidders. Final frame: name + price card.",No
Day 8,Mvita,09:00–14:00,Mombasa Tea Auction,Agricultural trade,Tea Tasting Masterclass,3000,Culture,Tasting station with auction-grade Kenyan teas.,10-15s clip. Tasting station with auction-grade Kenyan teas. Final frame: name + price card.,No
Day 8,Mvita,09:00–14:00,Mombasa Tea Auction,Agricultural trade,Tea Trade & Export Seminar,15000,Business,Seminar room staged with export materials.,10-15s clip. Seminar room staged with export materials. Final frame: name + price card.,No
Day 8,Mvita,09:00–14:00,Swahilipot Hub,Creative economy & innovation,Creative Studio Day Pass,1500,Creative,Studio/makerspace staged with artists at work.,10-15s clip. Studio/makerspace staged with artists at work. Final frame: name + price card.,No
Day 8,Mvita,09:00–14:00,Swahilipot Hub,Creative economy & innovation,Art & Tech Workshop,3000,Education,Workshop session staged with participants.,10-15s clip. Workshop session staged with participants. Final frame: name + price card.,No
Day 8,Mvita,09:00–14:00,Swahilipot Hub,Creative economy & innovation,Exhibition Opening Night,5000,Events,Exhibition space staged with art on walls + guests.,10-15s clip. Exhibition space staged with art on walls + guests. Final frame: name + price card.,No
Day 8,Changamwe,09:00–14:00,Akamba Handicraft Cooperative,Creative economy & MSMEs,Carve Your Own Souvenir,2500,Culture,Carving bench staged with tools; artisan guides; take-home piece.,10-15s clip. Carving bench staged with tools; artisan guides; take-home piece. Final frame: name + price card.,No
Day 8,Changamwe,09:00–14:00,Akamba Handicraft Cooperative,Creative economy & MSMEs,Gallery Walk & Craft Tour,800,Tourism,Gallery rows staged; carvers at work.,10-15s clip. Gallery rows staged; carvers at work. Final frame: name + price card.,No
Day 8,Changamwe,09:00–14:00,Akamba Handicraft Cooperative,Creative economy & MSMEs,Custom Carving Commission,50000,Products,Signature piece staged; commission consultation.,10-15s clip. Signature piece staged; commission consultation. Final frame: name + price card.,No
Day 9,Changamwe,09:00–13:00,Moi International Airport,Infrastructure & connectivity,Airport & Aviation Discovery Tour,5000,Tourism,"Behind-the-scenes tour: terminal, apron gallery, fire & rescue station, runway views. KAA liaison on site.","10-15s clip. Behind-the-scenes tour: terminal, apron gallery, fire & rescue station, runway views. KAA liaison on site. Final frame: name + price card.",No
Day 9,Changamwe,09:00–13:00,Moi International Airport,Infrastructure & connectivity,Plane Spotting & Runway Viewing,2500,Tourism,Runway-viewing spot staged with commentary guide; arrivals/departures timetable.,"10-15s clip. Runway-viewing spot staged with commentary guide; arrivals/departures timetable. Final frame: name + price card. 5s ADVERT: aircraft touchdown, runway view, terminal activity, logo card",Yes
Day 9,Changamwe,09:00–13:00,Moi International Airport,Infrastructure & connectivity,VIP Fast-Track & Lounge Departure,8000,Travel,Priority check-in staged; fast-track lane; lounge with refreshments.,10-15s clip. Priority check-in staged; fast-track lane; lounge with refreshments. Final frame: name + price card.,No
Day 9,Changamwe,09:00–13:00,Moi International Airport,Infrastructure & connectivity,First-Time Flyer Experience,6000,Travel,Personal escort; journey simulation check-in → security → boarding.,10-15s clip. Personal escort; journey simulation check-in → security → boarding. Final frame: name + price card.,No
Day 9,Changamwe,09:00–13:00,Moi International Airport,Infrastructure & connectivity,Aviation Discovery Programme (Schools),4000,Education,School group staged with aviation professionals; careers talk.,10-15s clip. School group staged with aviation professionals; careers talk. Final frame: name + price card.,No
Day 9,Jomvu,09:00–13:00,Miritini SGR Terminus,Infrastructure & connectivity,SGR Express Journey Experience,3000,Travel,Train at platform staged; station signage visible.,10-15s clip. Train at platform staged; station signage visible. Final frame: name + price card.,No
Day 9,Jomvu,09:00–13:00,Miritini SGR Terminus,Infrastructure & connectivity,First Class Travel Experience,5000,Travel,"First-class interior staged: seats, table, amenity.","10-15s clip. First-class interior staged: seats, table, amenity. Final frame: name + price card.",No
Day 9,Jomvu,09:00–13:00,Miritini SGR Terminus,Infrastructure & connectivity,Terminus Heritage Walk & Tour,2000,Education,Tour group + guide staged on platform.,10-15s clip. Tour group + guide staged on platform. Final frame: name + price card.,No
Day 9,Jomvu,09:00–13:00,Miritini SGR Terminus,Infrastructure & connectivity,Freight Yard Viewing,3000,Tourism,Freight yard staged with wagons and containers.,10-15s clip. Freight yard staged with wagons and containers. Final frame: name + price card.,No
Day 9,Jomvu,09:00–13:00,Inland Container Depot (ICD),Infrastructure & logistics,Container Yard Tour,3000,Education,Container yard staged; reach stacker in action.,10-15s clip. Container yard staged; reach stacker in action. Final frame: name + price card.,No
Day 9,Jomvu,09:00–13:00,Inland Container Depot (ICD),Infrastructure & logistics,Logistics Day Experience,5000,Education,Day programme staged with logistics professionals.,10-15s clip. Day programme staged with logistics professionals. Final frame: name + price card.,No
Day 9,Jomvu,09:00–13:00,Inland Container Depot (ICD),Infrastructure & logistics,Customs Process Walkthrough,2000,Education,Documentation desk staged; expert explains process.,10-15s clip. Documentation desk staged; expert explains process. Final frame: name + price card.,No
Day 9,Changamwe/Jomvu,09:00–13:00,Dongo Kundu Bypass,Infrastructure & connectivity,Bypass Drive & Landmark Tour,2000,Tourism,Route drive staged; key interchanges and viewpoints flagged.,10-15s clip. Route drive staged; key interchanges and viewpoints flagged. Final frame: name + price card.,No
Day 9,Changamwe/Jomvu,09:00–13:00,Dongo Kundu Bypass,Infrastructure & connectivity,Infrastructure Photography Walk,1500,Tourism,Photography stops staged at iconic bridge/interchange points.,10-15s clip. Photography stops staged at iconic bridge/interchange points. Final frame: name + price card.,No
Day 9,Changamwe/Jomvu,09:00–13:00,Dongo Kundu Bypass,Infrastructure & connectivity,Corridor Economic Briefing,5000,Business,Briefing staged with corridor development data displays.,10-15s clip. Briefing staged with corridor development data displays. Final frame: name + price card.,No
Day 10,Nyali,09:00–13:00,Mkomani Showground (ASK Mombasa),Agriculture & trade exhibitions,Agricultural Show Day Pass,1500,Agriculture,"Showground staged: exhibition halls, livestock displays, farm demos.","10-15s clip. Showground staged: exhibition halls, livestock displays, farm demos. Final frame: name + price card. 5s ADVERT: showground wide, livestock + exhibits, crowd energy, logo card",Yes
Day 10,Nyali,09:00–13:00,Mkomani Showground (ASK Mombasa),Agriculture & trade exhibitions,Farming Innovation Showcase,2000,Agriculture,"Innovation stands staged — agritech, irrigation, value addition.","10-15s clip. Innovation stands staged — agritech, irrigation, value addition. Final frame: name + price card.",No
Day 10,Nyali,09:00–13:00,Mkomani Showground (ASK Mombasa),Agriculture & trade exhibitions,MSME Trade Booth Experience,1000,Business,MSME booths staged with exhibitors ready.,10-15s clip. MSME booths staged with exhibitors ready. Final frame: name + price card.,No
Day 10,Nyali,09:00–13:00,Mkomani Showground (ASK Mombasa),Agriculture & trade exhibitions,Exhibition Hosting Package,25000,Events,Showground venue staged for exhibitors and events.,10-15s clip. Showground venue staged for exhibitors and events. Final frame: name + price card.,No
Day 10,Nyali,09:00–13:00,Kongowea Market,Agriculture & MSME trade,Sunrise Market Walk & Breakfast,1500,Tourism,Market staged at dawn; guide + visitors; breakfast stop.,10-15s clip. Market staged at dawn; guide + visitors; breakfast stop. Final frame: name + price card.,No
Day 10,Nyali,09:00–13:00,Kongowea Market,Agriculture & MSME trade,Cook with Market Produce,3000,Culture,Cooking station staged with fresh market baskets.,10-15s clip. Cooking station staged with fresh market baskets. Final frame: name + price card.,No
Day 10,Nyali,09:00–13:00,Kongowea Market,Agriculture & MSME trade,Fresh Produce Basket & Tasting,2000,Products,Baskets filled with fruits/vegetables; tasting table.,10-15s clip. Baskets filled with fruits/vegetables; tasting table. Final frame: name + price card.,No
Day 10,Nyali,09:00–13:00,Kongowea Market,Agriculture & MSME trade,Trader Story Tour,1000,Tourism,Traders staged at stalls; stories of coastal commerce.,10-15s clip. Traders staged at stalls; stories of coastal commerce. Final frame: name + price card.,No
Day 10,Nyali,09:00–13:00,Wild Waters & Go-Kart,Recreation & family entertainment,Water Park Family Day Pass,2500,Kids,Pools and slides staged; lifeguards ready; family scenes.,"10-15s clip. Pools and slides staged; lifeguards ready; family scenes. Final frame: name + price card. 5s ADVERT: slide splash slow-mo, kids laughing, go-kart drift, logo card",Yes
Day 10,Nyali,09:00–13:00,Wild Waters & Go-Kart,Recreation & family entertainment,Go-Kart Racing Experience,3000,Adventure,Karts staged on track; safety gear ready; race session.,"10-15s clip. Karts staged on track; safety gear ready; race session. Final frame: name + price card. 5s ADVERT: karts lining up, racing slow-mo, winner celebration, logo card",Yes
Day 10,Nyali,09:00–13:00,Wild Waters & Go-Kart,Recreation & family entertainment,Birthday Party Package,15000,Events,"Party zone staged with décor, cake table, activity area.","10-15s clip. Party zone staged with décor, cake table, activity area. Final frame: name + price card.",No
Day 10,Nyali,09:00–13:00,Wild Waters & Go-Kart,Recreation & family entertainment,Group Corporate Fun Day,10000,Business,Group activity package staged with team games.,10-15s clip. Group activity package staged with team games. Final frame: name + price card.,No
