Day,Sub-County,Institution,Tier,Shot #,Shot Type,Framing,Duration,Best Time,Video Clip,Subject
Day 1,Mvita,Mama Ngina Waterfront,T1,1,Establishing,Wide,5s,10:00–11:00,No,Entrance/exterior with signage — establishes the location
Day 1,Mvita,Mama Ngina Waterfront,T1,2,Product,Close/Medium,10s,controlled light,Yes,Sunset Promenade & Ship-Watching — Promenade staged at golden hour; binoculars + guide; Likoni Channel ship-watching point.
Day 1,Mvita,Mama Ngina Waterfront,T1,3,Establishing,Wide,5s,10:00–11:00,No,Entrance/exterior with signage — establishes the location
Day 1,Mvita,Mama Ngina Waterfront,T1,4,Product,Close/Medium,10s,controlled light,Yes,Camel Ride Heritage Safari — Camel saddled and groomed; handler in uniform; route past St John's ruins and baobab.
Day 1,Mvita,Mama Ngina Waterfront,T1,5,Establishing,Wide,5s,10:00–11:00,No,Entrance/exterior with signage — establishes the location
Day 1,Mvita,Mama Ngina Waterfront,T1,6,Product,Close/Medium,10s,controlled light,Yes,Kilindini Cultural Centre Live Session — Gallery lit; curator delivers live Swahili history session; exhibits staged.
Day 1,Mvita,Mama Ngina Waterfront,T1,7,Establishing,Wide,5s,10:00–11:00,No,Entrance/exterior with signage — establishes the location
Day 1,Mvita,Mama Ngina Waterfront,T1,8,Product,Close/Medium,10s,controlled light,Yes,Guided Heritage Walk & Slave Caves Story — Guide in branded attire; route: ruins → slave caves → pigeon towers → baobab with storytelling.
Day 1,Mvita,Mama Ngina Waterfront,T1,9,Establishing,Wide,5s,10:00–11:00,No,Entrance/exterior with signage — establishes the location
Day 1,Mvita,Mama Ngina Waterfront,T1,10,Product,Close/Medium,10s,controlled light,Yes,Waterfront Picnic & Movie Night — Picnic mat + basket staged; screen set for evening movie on the promenade.
Day 1,Mvita,Mama Ngina Waterfront,T1,11,Establishing,Wide,5s,10:00–11:00,No,Entrance/exterior with signage — establishes the location
Day 1,Mvita,Mama Ngina Waterfront,T1,12,Product,Close/Medium,10s,controlled light,Yes,Sunrise Yoga on the Promenade — Yoga mats on lawn at dawn; instructor on site.
Day 1,Mvita,Mama Ngina Waterfront,T1,13,Establishing,Wide,5s,10:00–11:00,No,Entrance/exterior with signage — establishes the location
Day 1,Mvita,Mama Ngina Waterfront,T1,14,Product,Close/Medium,10s,controlled light,Yes,Kite Flying Family Day — Kites + open lawn staged; family activity.
Day 1,Mvita,Mama Ngina Waterfront,T1,15,Establishing,Wide,5s,10:00–11:00,No,Entrance/exterior with signage — establishes the location
Day 1,Mvita,Mama Ngina Waterfront,T1,16,Product,Close/Medium,10s,controlled light,Yes,"Mkate wa Mayai & Madafu Tasting — Vendor stall staged with Kachiri, Mkate wa mayai, fresh madafu."
Day 1,Mvita,Mama Ngina Waterfront,T1,17,Establishing,Wide,5s,10:00–11:00,No,Entrance/exterior with signage — establishes the location
Day 1,Mvita,Mama Ngina Waterfront,T1,18,Product,Close/Medium,10s,controlled light,Yes,Mombasa Golf Club Heritage Round — First tee staged; flag and green groomed; Kenya's oldest course (1911).
Day 1,Mvita,Mama Ngina Waterfront,T1,19,Money Shot,Wide/Medium,15s,golden hour / peak scene,Yes,"Money Shot for Mama Ngina Waterfront — Kenya's first beachside garden — 26-acre waterfront park, 2.1km promenade, camel rides, ship-watching over Likoni Channel."
Day 1,Mvita,Mama Ngina Waterfront,T1,20,People,Medium,10s,during activity,No,Staff/guests engaging with Mama Ngina Waterfront (consent required)
Day 1,Mvita,Mama Ngina Waterfront,T1,21,Detail,Close-up,8s,controlled light,No,Close-up detail/texture at Mama Ngina Waterfront
Day 1,Mvita,Mama Ngina Waterfront,T1,22,Context,Ultra-wide,10s,golden hour,No,View from Mama Ngina Waterfront — Mvita surroundings
Day 1,Mvita,Fort Jesus National Monument,T1,1,Establishing,Wide,5s,10:00–11:00,No,Entrance/exterior with signage — establishes the location
Day 1,Mvita,Fort Jesus National Monument,T1,2,Product,Close/Medium,10s,controlled light,Yes,Sunset Ramparts & Harbour View Tour — Ramparts staged at golden hour; guide narrates 400 years of history; Old Town harbour view.
Day 1,Mvita,Fort Jesus National Monument,T1,3,Establishing,Wide,5s,10:00–11:00,No,Entrance/exterior with signage — establishes the location
Day 1,Mvita,Fort Jesus National Monument,T1,4,Product,Close/Medium,10s,controlled light,Yes,Fort Jesus Moonlight Heritage Tour — Evening tour with lanterns; museum galleries lit; dramatic fort silhouettes.
Day 1,Mvita,Fort Jesus National Monument,T1,5,Establishing,Wide,5s,10:00–11:00,No,Entrance/exterior with signage — establishes the location
Day 1,Mvita,Fort Jesus National Monument,T1,6,Product,Close/Medium,10s,controlled light,Yes,Museum by Moonlight — Swahili Storytelling — Museum courtyard staged; storyteller session on Swahili maritime history.
Day 1,Mvita,Fort Jesus National Monument,T1,7,Establishing,Wide,5s,10:00–11:00,No,Entrance/exterior with signage — establishes the location
Day 1,Mvita,Fort Jesus National Monument,T1,8,Product,Close/Medium,10s,controlled light,Yes,Fort Jesus Photography Walk — Photographer-friendly route staged; best light windows flagged.
Day 1,Mvita,Fort Jesus National Monument,T1,9,Establishing,Wide,5s,10:00–11:00,No,Entrance/exterior with signage — establishes the location
Day 1,Mvita,Fort Jesus National Monument,T1,10,Product,Close/Medium,10s,controlled light,Yes,Heritage Drama Performance — Courtyard stage set; performance re-enacting fort history.
Day 1,Mvita,Fort Jesus National Monument,T1,11,Establishing,Wide,5s,10:00–11:00,No,Entrance/exterior with signage — establishes the location
Day 1,Mvita,Fort Jesus National Monument,T1,12,Product,Close/Medium,10s,controlled light,Yes,School Heritage Day Programme — School group with guide; structured heritage education.
Day 1,Mvita,Fort Jesus National Monument,T1,13,Money Shot,Wide/Medium,15s,golden hour / peak scene,Yes,"Money Shot for Fort Jesus National Monument — UNESCO 16th-century Portuguese fort — sunset ramparts, moonlight tours, Swahili storytelling."
Day 1,Mvita,Fort Jesus National Monument,T1,14,People,Medium,10s,during activity,No,Staff/guests engaging with Fort Jesus National Monument (consent required)
Day 1,Mvita,Fort Jesus National Monument,T1,15,Detail,Close-up,8s,controlled light,No,Close-up detail/texture at Fort Jesus National Monument
Day 1,Mvita,Fort Jesus National Monument,T1,16,Context,Ultra-wide,10s,golden hour,No,View from Fort Jesus National Monument — Mvita surroundings
Day 1,Mvita,Mombasa Old Town (Mji Wa Kale),T1,1,Establishing,Wide,5s,10:00–11:00,No,Entrance/exterior with signage — establishes the location
Day 1,Mvita,Mombasa Old Town (Mji Wa Kale),T1,2,Product,Close/Medium,10s,controlled light,Yes,Old Town Heritage Walk with Storyteller — Guide-storyteller at carved door landmark; route rehearsed through Mji Wa Kale.
Day 1,Mvita,Mombasa Old Town (Mji Wa Kale),T1,3,Establishing,Wide,5s,10:00–11:00,No,Entrance/exterior with signage — establishes the location
Day 1,Mvita,Mombasa Old Town (Mji Wa Kale),T1,4,Product,Close/Medium,10s,controlled light,Yes,"Spice Market Tasting Walk — Spice stall staged — cloves, cardamom, cinnamon, turmeric; tasting bowls ready."
Day 1,Mvita,Mombasa Old Town (Mji Wa Kale),T1,5,Establishing,Wide,5s,10:00–11:00,No,Entrance/exterior with signage — establishes the location
Day 1,Mvita,Mombasa Old Town (Mji Wa Kale),T1,6,Product,Close/Medium,10s,controlled light,Yes,Carved Door Art Walk — Best 3 carved doors cleaned; street clear; guide narrates Swahili craftsmanship.
Day 1,Mvita,Mombasa Old Town (Mji Wa Kale),T1,7,Establishing,Wide,5s,10:00–11:00,No,Entrance/exterior with signage — establishes the location
Day 1,Mvita,Mombasa Old Town (Mji Wa Kale),T1,8,Product,Close/Medium,10s,controlled light,Yes,Dhow Sunset Harbour Cruise — Dhow staged at harbour; sunset departure; Old Town skyline view.
Day 1,Mvita,Mombasa Old Town (Mji Wa Kale),T1,9,Establishing,Wide,5s,10:00–11:00,No,Entrance/exterior with signage — establishes the location
Day 1,Mvita,Mombasa Old Town (Mji Wa Kale),T1,10,Product,Close/Medium,10s,controlled light,Yes,Swahili Cooking Class in Old Town — Cooking station staged with spices and utensils; chef ready; take-home recipe card.
Day 1,Mvita,Mombasa Old Town (Mji Wa Kale),T1,11,Establishing,Wide,5s,10:00–11:00,No,Entrance/exterior with signage — establishes the location
Day 1,Mvita,Mombasa Old Town (Mji Wa Kale),T1,12,Product,Close/Medium,10s,controlled light,Yes,Henna & Kanga Cultural Experience — Henna artist + kanga fabrics staged in heritage courtyard.
Day 1,Mvita,Mombasa Old Town (Mji Wa Kale),T1,13,Money Shot,Wide/Medium,15s,golden hour / peak scene,Yes,"Money Shot for Mombasa Old Town (Mji Wa Kale) — 72-hectare Swahili old town — carved doors, spice markets, dhow cruises, Swahili cooking classes."
Day 1,Mvita,Mombasa Old Town (Mji Wa Kale),T1,14,People,Medium,10s,during activity,No,Staff/guests engaging with Mombasa Old Town (Mji Wa Kale) (consent required)
Day 1,Mvita,Mombasa Old Town (Mji Wa Kale),T1,15,Detail,Close-up,8s,controlled light,No,Close-up detail/texture at Mombasa Old Town (Mji Wa Kale)
Day 1,Mvita,Mombasa Old Town (Mji Wa Kale),T1,16,Context,Ultra-wide,10s,golden hour,No,View from Mombasa Old Town (Mji Wa Kale) — Mvita surroundings
Day 1,Mvita,Forodhani Restaurant Mombasa,T1,1,Establishing,Wide,5s,10:00–11:00,No,Entrance/exterior with signage — establishes the location
Day 1,Mvita,Forodhani Restaurant Mombasa,T1,2,Product,Close/Medium,10s,controlled light,Yes,Sunset Seafood Dinner & Harbour View — Waterfront table set for golden hour; seafood platter staged.
Day 1,Mvita,Forodhani Restaurant Mombasa,T1,3,Establishing,Wide,5s,10:00–11:00,No,Entrance/exterior with signage — establishes the location
Day 1,Mvita,Forodhani Restaurant Mombasa,T1,4,Product,Close/Medium,10s,controlled light,Yes,"Swahili Street Food Safari — Stalls staged — Kachiri, Mkate wa mayai, madafu; tasting route."
Day 1,Mvita,Forodhani Restaurant Mombasa,T1,5,Establishing,Wide,5s,10:00–11:00,No,Entrance/exterior with signage — establishes the location
Day 1,Mvita,Forodhani Restaurant Mombasa,T1,6,Product,Close/Medium,10s,controlled light,Yes,"Fresh Seafood Platter Experience — Grilled fish, prawns, calamari, crab plated on branded dish."
Day 1,Mvita,Forodhani Restaurant Mombasa,T1,7,Establishing,Wide,5s,10:00–11:00,No,Entrance/exterior with signage — establishes the location
Day 1,Mvita,Forodhani Restaurant Mombasa,T1,8,Product,Close/Medium,10s,controlled light,Yes,Taarab Live Music Dinner — Taarab band staged; dinner table set by the water.
Day 1,Mvita,Forodhani Restaurant Mombasa,T1,9,Establishing,Wide,5s,10:00–11:00,No,Entrance/exterior with signage — establishes the location
Day 1,Mvita,Forodhani Restaurant Mombasa,T1,10,Product,Close/Medium,10s,controlled light,Yes,Couple's Private Waterfront Table — Table set with candles and flowers; sea view.
Day 1,Mvita,Forodhani Restaurant Mombasa,T1,11,Establishing,Wide,5s,10:00–11:00,No,Entrance/exterior with signage — establishes the location
Day 1,Mvita,Forodhani Restaurant Mombasa,T1,12,Product,Close/Medium,10s,controlled light,Yes,Group Seafood Feast (up to 10) — Long banquet table set with seafood spread.
Day 1,Mvita,Forodhani Restaurant Mombasa,T1,13,Money Shot,Wide/Medium,15s,golden hour / peak scene,Yes,"Money Shot for Forodhani Restaurant Mombasa — Beloved waterfront seafood dining in the Old Town — sunset dinners, street-food safari, live taarab."
Day 1,Mvita,Forodhani Restaurant Mombasa,T1,14,People,Medium,10s,during activity,No,Staff/guests engaging with Forodhani Restaurant Mombasa (consent required)
Day 1,Mvita,Forodhani Restaurant Mombasa,T1,15,Detail,Close-up,8s,controlled light,No,Close-up detail/texture at Forodhani Restaurant Mombasa
Day 1,Mvita,Forodhani Restaurant Mombasa,T1,16,Context,Ultra-wide,10s,golden hour,No,View from Forodhani Restaurant Mombasa — Mvita surroundings
Day 2,Nyali,Tamarind Restaurant & Dhow,T1,1,Establishing,Wide,5s,10:00–11:00,No,Entrance/exterior with signage — establishes the location
Day 2,Nyali,Tamarind Restaurant & Dhow,T1,2,Product,Close/Medium,10s,controlled light,Yes,Tamarind Dhow Dinner Cruise — Dhow moored and lit; buffet staged; crew on board; live music ready.
Day 2,Nyali,Tamarind Restaurant & Dhow,T1,3,Establishing,Wide,5s,10:00–11:00,No,Entrance/exterior with signage — establishes the location
Day 2,Nyali,Tamarind Restaurant & Dhow,T1,4,Product,Close/Medium,10s,controlled light,Yes,Dhow Sunset Cocktail Cruise — Cocktails + canapés staged on dhow deck at sunset.
Day 2,Nyali,Tamarind Restaurant & Dhow,T1,5,Establishing,Wide,5s,10:00–11:00,No,Entrance/exterior with signage — establishes the location
Day 2,Nyali,Tamarind Restaurant & Dhow,T1,6,Product,Close/Medium,10s,controlled light,Yes,"Seafood Tasting Masterclass — Chef-led tasting of lobster, prawns, crab with Swahili sides; plated staged."
Day 2,Nyali,Tamarind Restaurant & Dhow,T1,7,Establishing,Wide,5s,10:00–11:00,No,Entrance/exterior with signage — establishes the location
Day 2,Nyali,Tamarind Restaurant & Dhow,T1,8,Product,Close/Medium,10s,controlled light,Yes,Chef's Table Experience — Chef's table staged at kitchen pass; tasting menu.
Day 2,Nyali,Tamarind Restaurant & Dhow,T1,9,Establishing,Wide,5s,10:00–11:00,No,Entrance/exterior with signage — establishes the location
Day 2,Nyali,Tamarind Restaurant & Dhow,T1,10,Product,Close/Medium,10s,controlled light,Yes,Cliffside Couple's Sunset Dinner — Cliffside table for two at golden hour; ocean view.
Day 2,Nyali,Tamarind Restaurant & Dhow,T1,11,Money Shot,Wide/Medium,15s,golden hour / peak scene,Yes,Money Shot for Tamarind Restaurant & Dhow — Kenya's iconic seafood restaurant + the legendary Tamarind Dhow sunset dinner cruise.
Day 2,Nyali,Tamarind Restaurant & Dhow,T1,12,People,Medium,10s,during activity,No,Staff/guests engaging with Tamarind Restaurant & Dhow (consent required)
Day 2,Nyali,Tamarind Restaurant & Dhow,T1,13,Detail,Close-up,8s,controlled light,No,Close-up detail/texture at Tamarind Restaurant & Dhow
Day 2,Nyali,Tamarind Restaurant & Dhow,T1,14,Context,Ultra-wide,10s,golden hour,No,View from Tamarind Restaurant & Dhow — Nyali surroundings
Day 2,Nyali,English Point Marina,T2,1,Establishing,Wide,5s,10:00–11:00,No,Entrance/exterior with signage — establishes the location
Day 2,Nyali,English Point Marina,T2,2,Product,Close/Medium,10s,controlled light,No,Marina Sundowner Walk — Sundowner drinks staged on boardwalk; Tudor Creek view at golden hour.
Day 2,Nyali,English Point Marina,T2,3,Establishing,Wide,5s,10:00–11:00,No,Entrance/exterior with signage — establishes the location
Day 2,Nyali,English Point Marina,T2,4,Product,Close/Medium,10s,controlled light,No,Yacht Day Charter Experience — Yacht staged in berth; crew ready; day charter itinerary.
Day 2,Nyali,English Point Marina,T2,5,Establishing,Wide,5s,10:00–11:00,No,Entrance/exterior with signage — establishes the location
Day 2,Nyali,English Point Marina,T2,6,Product,Close/Medium,10s,controlled light,No,Harbour Cruise & Fort Viewing — Boat staged at jetty; cruise route past Fort Jesus and Old Town.
Day 2,Nyali,English Point Marina,T2,7,Establishing,Wide,5s,10:00–11:00,No,Entrance/exterior with signage — establishes the location
Day 2,Nyali,English Point Marina,T2,8,Product,Close/Medium,10s,controlled light,No,Waterfront Dining Voucher — Boardwalk restaurant table staged with signature dish.
Day 2,Nyali,English Point Marina,T2,9,Establishing,Wide,5s,10:00–11:00,No,Entrance/exterior with signage — establishes the location
Day 2,Nyali,English Point Marina,T2,10,Product,Close/Medium,10s,controlled light,No,"Marina Event Venue Experience — Event space dressed: chairs, décor, harbour backdrop."
Day 2,Nyali,English Point Marina,T2,11,Money Shot,Wide/Medium,15s,golden hour / peak scene,Yes,"Money Shot for English Point Marina — Premier waterfront marina at Tudor Creek entrance — yacht charters, harbour cruises, sundowners."
Day 2,Nyali,English Point Marina,T2,12,People,Medium,10s,during activity,No,Staff/guests engaging with English Point Marina (consent required)
Day 2,Nyali,English Point Marina,T2,13,Detail,Close-up,8s,controlled light,No,Close-up detail/texture at English Point Marina
Day 2,Nyali,Voyager Beach Resort,T1,1,Establishing,Wide,5s,10:00–11:00,No,Entrance/exterior with signage — establishes the location
Day 2,Nyali,Voyager Beach Resort,T1,2,Product,Close/Medium,10s,controlled light,Yes,Ocean View Stay & Breakfast — Room serviced; balcony open to ocean; breakfast staged.
Day 2,Nyali,Voyager Beach Resort,T1,3,Establishing,Wide,5s,10:00–11:00,No,Entrance/exterior with signage — establishes the location
Day 2,Nyali,Voyager Beach Resort,T1,4,Product,Close/Medium,10s,controlled light,Yes,"Beach Water Sports Day Pass — Kayaks, snorkel gear, windsurfing staged on beach; instructor ready."
Day 2,Nyali,Voyager Beach Resort,T1,5,Establishing,Wide,5s,10:00–11:00,No,Entrance/exterior with signage — establishes the location
Day 2,Nyali,Voyager Beach Resort,T1,6,Product,Close/Medium,10s,controlled light,Yes,Beach BBQ & Bonfire Night — BBQ station + bonfire staged at dusk on the beach.
Day 2,Nyali,Voyager Beach Resort,T1,7,Establishing,Wide,5s,10:00–11:00,No,Entrance/exterior with signage — establishes the location
Day 2,Nyali,Voyager Beach Resort,T1,8,Product,Close/Medium,10s,controlled light,Yes,Sunrise Beach Yoga & Breakfast — Yoga mats on sand at dawn; healthy breakfast staged.
Day 2,Nyali,Voyager Beach Resort,T1,9,Establishing,Wide,5s,10:00–11:00,No,Entrance/exterior with signage — establishes the location
Day 2,Nyali,Voyager Beach Resort,T1,10,Product,Close/Medium,10s,controlled light,Yes,Conference & Retreat Day — Conference room set; tea breaks and lunch staged.
Day 2,Nyali,Voyager Beach Resort,T1,11,Money Shot,Wide/Medium,15s,golden hour / peak scene,Yes,"Money Shot for Voyager Beach Resort — Nyali beachfront resort — ocean-view stays, water sports days, beach BBQs, sunrise yoga."
Day 2,Nyali,Voyager Beach Resort,T1,12,People,Medium,10s,during activity,No,Staff/guests engaging with Voyager Beach Resort (consent required)
Day 2,Nyali,Voyager Beach Resort,T1,13,Detail,Close-up,8s,controlled light,No,Close-up detail/texture at Voyager Beach Resort
Day 2,Nyali,Voyager Beach Resort,T1,14,Context,Ultra-wide,10s,golden hour,No,View from Voyager Beach Resort — Nyali surroundings
Day 2,Nyali,Sarova Whitesands Beach Resort,T1,1,Establishing,Wide,5s,10:00–11:00,No,Entrance/exterior with signage — establishes the location
Day 2,Nyali,Sarova Whitesands Beach Resort,T1,2,Product,Close/Medium,10s,controlled light,Yes,Beachfront Room & Full Board — Ocean-view room serviced; full-board dining staged.
Day 2,Nyali,Sarova Whitesands Beach Resort,T1,3,Establishing,Wide,5s,10:00–11:00,No,Entrance/exterior with signage — establishes the location
Day 2,Nyali,Sarova Whitesands Beach Resort,T1,4,Product,Close/Medium,10s,controlled light,Yes,"Spa & Sunset Ritual — Spa staged: towels, oils, candles; sunset balcony finale."
Day 2,Nyali,Sarova Whitesands Beach Resort,T1,5,Establishing,Wide,5s,10:00–11:00,No,Entrance/exterior with signage — establishes the location
Day 2,Nyali,Sarova Whitesands Beach Resort,T1,6,Product,Close/Medium,10s,controlled light,Yes,Dhow Evening at Whitesands — Dhow cruise staged from resort beach with dinner.
Day 2,Nyali,Sarova Whitesands Beach Resort,T1,7,Establishing,Wide,5s,10:00–11:00,No,Entrance/exterior with signage — establishes the location
Day 2,Nyali,Sarova Whitesands Beach Resort,T1,8,Product,Close/Medium,10s,controlled light,Yes,Swahili Cooking Class — Cooking station staged; chef + ingredients ready.
Day 2,Nyali,Sarova Whitesands Beach Resort,T1,9,Establishing,Wide,5s,10:00–11:00,No,Entrance/exterior with signage — establishes the location
Day 2,Nyali,Sarova Whitesands Beach Resort,T1,10,Product,Close/Medium,10s,controlled light,Yes,MICE Retreat Package — Conference hall set with catering and AV.
Day 2,Nyali,Sarova Whitesands Beach Resort,T1,11,Money Shot,Wide/Medium,15s,golden hour / peak scene,Yes,"Money Shot for Sarova Whitesands Beach Resort — 340-room flagship beach resort — beachfront rooms, spa rituals, dhow evenings, cooking classes."
Day 2,Nyali,Sarova Whitesands Beach Resort,T1,12,People,Medium,10s,during activity,No,Staff/guests engaging with Sarova Whitesands Beach Resort (consent required)
Day 2,Nyali,Sarova Whitesands Beach Resort,T1,13,Detail,Close-up,8s,controlled light,No,Close-up detail/texture at Sarova Whitesands Beach Resort
Day 2,Nyali,Sarova Whitesands Beach Resort,T1,14,Context,Ultra-wide,10s,golden hour,No,View from Sarova Whitesands Beach Resort — Nyali surroundings
Day 3,Kisauni,Haller Park (Bamburi Nature Trail),T1,1,Establishing,Wide,5s,10:00–11:00,No,Entrance/exterior with signage — establishes the location
Day 3,Kisauni,Haller Park (Bamburi Nature Trail),T1,2,Product,Close/Medium,10s,controlled light,Yes,Giraffe Feeding & Forest Breakfast — Giraffes at viewing platform; pellets ready; breakfast table in the forest.
Day 3,Kisauni,Haller Park (Bamburi Nature Trail),T1,3,Establishing,Wide,5s,10:00–11:00,No,Entrance/exterior with signage — establishes the location
Day 3,Kisauni,Haller Park (Bamburi Nature Trail),T1,4,Product,Close/Medium,10s,controlled light,Yes,Nature Walk with Ecologist — Ecologist guide on forest trail; restoration story narrated.
Day 3,Kisauni,Haller Park (Bamburi Nature Trail),T1,5,Establishing,Wide,5s,10:00–11:00,No,Entrance/exterior with signage — establishes the location
Day 3,Kisauni,Haller Park (Bamburi Nature Trail),T1,6,Product,Close/Medium,10s,controlled light,Yes,Crocodile Feeding Show — Croc enclosure staged; feeding demo slot reserved.
Day 3,Kisauni,Haller Park (Bamburi Nature Trail),T1,7,Establishing,Wide,5s,10:00–11:00,No,Entrance/exterior with signage — establishes the location
Day 3,Kisauni,Haller Park (Bamburi Nature Trail),T1,8,Product,Close/Medium,10s,controlled light,Yes,Cycling Eco-Tour of the Park — Bicycles staged at entrance; trail route marked.
Day 3,Kisauni,Haller Park (Bamburi Nature Trail),T1,9,Establishing,Wide,5s,10:00–11:00,No,Entrance/exterior with signage — establishes the location
Day 3,Kisauni,Haller Park (Bamburi Nature Trail),T1,10,Product,Close/Medium,10s,controlled light,Yes,Conservation Film & Talk Evening — Screening area staged; conservation talk with park naturalist.
Day 3,Kisauni,Haller Park (Bamburi Nature Trail),T1,11,Money Shot,Wide/Medium,15s,golden hour / peak scene,Yes,"Money Shot for Haller Park (Bamburi Nature Trail) — World-famous ecological restoration — giraffe feeding, ecologist walks, crocodile shows, cycling eco-tours."
Day 3,Kisauni,Haller Park (Bamburi Nature Trail),T1,12,People,Medium,10s,during activity,No,Staff/guests engaging with Haller Park (Bamburi Nature Trail) (consent required)
Day 3,Kisauni,Haller Park (Bamburi Nature Trail),T1,13,Detail,Close-up,8s,controlled light,No,Close-up detail/texture at Haller Park (Bamburi Nature Trail)
Day 3,Kisauni,Haller Park (Bamburi Nature Trail),T1,14,Context,Ultra-wide,10s,golden hour,No,View from Haller Park (Bamburi Nature Trail) — Kisauni surroundings
Day 3,Kisauni,Nguuni Nature Sanctuary,T2,1,Establishing,Wide,5s,10:00–11:00,No,Entrance/exterior with signage — establishes the location
Day 3,Kisauni,Nguuni Nature Sanctuary,T2,2,Product,Close/Medium,10s,controlled light,No,Golden Hour Giraffe Feeding — Giraffes at feeding point; pellets ready; sunset light.
Day 3,Kisauni,Nguuni Nature Sanctuary,T2,3,Establishing,Wide,5s,10:00–11:00,No,Entrance/exterior with signage — establishes the location
Day 3,Kisauni,Nguuni Nature Sanctuary,T2,4,Product,Close/Medium,10s,controlled light,No,Dawn Birdwatching Walk — Binoculars staged at waterhole; guide at first light.
Day 3,Kisauni,Nguuni Nature Sanctuary,T2,5,Establishing,Wide,5s,10:00–11:00,No,Entrance/exterior with signage — establishes the location
Day 3,Kisauni,Nguuni Nature Sanctuary,T2,6,Product,Close/Medium,10s,controlled light,No,Sanctuary Forest Picnic — Picnic staged under acacia; wildlife views.
Day 3,Kisauni,Nguuni Nature Sanctuary,T2,7,Establishing,Wide,5s,10:00–11:00,No,Entrance/exterior with signage — establishes the location
Day 3,Kisauni,Nguuni Nature Sanctuary,T2,8,Product,Close/Medium,10s,controlled light,No,Guided Nature Meditation Walk — Quiet trail route; guide leads mindfulness walk.
Day 3,Kisauni,Nguuni Nature Sanctuary,T2,9,Money Shot,Wide/Medium,15s,golden hour / peak scene,Yes,"Money Shot for Nguuni Nature Sanctuary — Hidden wildlife sanctuary — golden-hour giraffe feeding, dawn birdwatching, forest picnics."
Day 3,Kisauni,Nguuni Nature Sanctuary,T2,10,People,Medium,10s,during activity,No,Staff/guests engaging with Nguuni Nature Sanctuary (consent required)
Day 3,Kisauni,Nguuni Nature Sanctuary,T2,11,Detail,Close-up,8s,controlled light,No,Close-up detail/texture at Nguuni Nature Sanctuary
Day 3,Kisauni,PrideInn Convention Centre & Hotel,T2,1,Establishing,Wide,5s,10:00–11:00,No,Entrance/exterior with signage — establishes the location
Day 3,Kisauni,PrideInn Convention Centre & Hotel,T2,2,Product,Close/Medium,10s,controlled light,No,"Gala Night & Themed Dining — Gala table staged: décor, place settings, stage."
Day 3,Kisauni,PrideInn Convention Centre & Hotel,T2,3,Establishing,Wide,5s,10:00–11:00,No,Entrance/exterior with signage — establishes the location
Day 3,Kisauni,PrideInn Convention Centre & Hotel,T2,4,Product,Close/Medium,10s,controlled light,No,Rooftop Sundowner with City Views — Rooftop terrace staged with drinks at golden hour.
Day 3,Kisauni,PrideInn Convention Centre & Hotel,T2,5,Establishing,Wide,5s,10:00–11:00,No,Entrance/exterior with signage — establishes the location
Day 3,Kisauni,PrideInn Convention Centre & Hotel,T2,6,Product,Close/Medium,10s,controlled light,No,Business Networking Brunch — Brunch buffet + networking tables staged.
Day 3,Kisauni,PrideInn Convention Centre & Hotel,T2,7,Establishing,Wide,5s,10:00–11:00,No,Entrance/exterior with signage — establishes the location
Day 3,Kisauni,PrideInn Convention Centre & Hotel,T2,8,Product,Close/Medium,10s,controlled light,No,Conference & Stay Combo — Conference room set; guest room serviced.
Day 3,Kisauni,PrideInn Convention Centre & Hotel,T2,9,Money Shot,Wide/Medium,15s,golden hour / peak scene,Yes,"Money Shot for PrideInn Convention Centre & Hotel — Modern convention hotel — gala nights, rooftop sundowners, business networking brunches."
Day 3,Kisauni,PrideInn Convention Centre & Hotel,T2,10,People,Medium,10s,during activity,No,Staff/guests engaging with PrideInn Convention Centre & Hotel (consent required)
Day 3,Kisauni,PrideInn Convention Centre & Hotel,T2,11,Detail,Close-up,8s,controlled light,No,Close-up detail/texture at PrideInn Convention Centre & Hotel
Day 3,Kisauni,Serena Beach Resort & Spa,T1,1,Establishing,Wide,5s,10:00–11:00,No,Entrance/exterior with signage — establishes the location
Day 3,Kisauni,Serena Beach Resort & Spa,T1,2,Product,Close/Medium,10s,controlled light,Yes,Swahili Room & Spa Ritual — Swahili-style room serviced; spa treatment staged.
Day 3,Kisauni,Serena Beach Resort & Spa,T1,3,Establishing,Wide,5s,10:00–11:00,No,Entrance/exterior with signage — establishes the location
Day 3,Kisauni,Serena Beach Resort & Spa,T1,4,Product,Close/Medium,10s,controlled light,Yes,Beachfront Candlelight Dinner — Beach table set with candles; coastal menu.
Day 3,Kisauni,Serena Beach Resort & Spa,T1,5,Establishing,Wide,5s,10:00–11:00,No,Entrance/exterior with signage — establishes the location
Day 3,Kisauni,Serena Beach Resort & Spa,T1,6,Product,Close/Medium,10s,controlled light,Yes,Swahili Afternoon Tea — Tea service staged with Swahili pastries in courtyard.
Day 3,Kisauni,Serena Beach Resort & Spa,T1,7,Establishing,Wide,5s,10:00–11:00,No,Entrance/exterior with signage — establishes the location
Day 3,Kisauni,Serena Beach Resort & Spa,T1,8,Product,Close/Medium,10s,controlled light,Yes,Dhow Sailing Day Experience — Dhow staged at Shanzu beach; sailing day itinerary.
Day 3,Kisauni,Serena Beach Resort & Spa,T1,9,Establishing,Wide,5s,10:00–11:00,No,Entrance/exterior with signage — establishes the location
Day 3,Kisauni,Serena Beach Resort & Spa,T1,10,Product,Close/Medium,10s,controlled light,Yes,MICE & Spa Retreat — Conference set + spa break programme.
Day 3,Kisauni,Serena Beach Resort & Spa,T1,11,Money Shot,Wide/Medium,15s,golden hour / peak scene,Yes,"Money Shot for Serena Beach Resort & Spa — Luxury Swahili-Arabic architecture — spa rituals, beachfront candlelight dinners, dhow sailing."
Day 3,Kisauni,Serena Beach Resort & Spa,T1,12,People,Medium,10s,during activity,No,Staff/guests engaging with Serena Beach Resort & Spa (consent required)
Day 3,Kisauni,Serena Beach Resort & Spa,T1,13,Detail,Close-up,8s,controlled light,No,Close-up detail/texture at Serena Beach Resort & Spa
Day 3,Kisauni,Serena Beach Resort & Spa,T1,14,Context,Ultra-wide,10s,golden hour,No,View from Serena Beach Resort & Spa — Kisauni surroundings
Day 4,Mvita (CBD),Kenya National Chamber of Commerce & Industry (KNCCI),T3,1,Establishing,Wide,5s,10:00–11:00,No,Entrance/exterior with signage — establishes the location
Day 4,Mvita (CBD),Kenya National Chamber of Commerce & Industry (KNCCI),T3,2,Product,Close/Medium,10s,controlled light,No,Business Networking Dinner — Dinner tables + KNCCI banner staged; delegates invited.
Day 4,Mvita (CBD),Kenya National Chamber of Commerce & Industry (KNCCI),T3,3,Establishing,Wide,5s,10:00–11:00,No,Entrance/exterior with signage — establishes the location
Day 4,Mvita (CBD),Kenya National Chamber of Commerce & Industry (KNCCI),T3,4,Product,Close/Medium,10s,controlled light,No,Export Readiness Workshop — Workshop room staged; export materials displayed.
Day 4,Mvita (CBD),Kenya National Chamber of Commerce & Industry (KNCCI),T3,5,Establishing,Wide,5s,10:00–11:00,No,Entrance/exterior with signage — establishes the location
Day 4,Mvita (CBD),Kenya National Chamber of Commerce & Industry (KNCCI),T3,6,Product,Close/Medium,10s,controlled light,No,Trade Mission Day Experience — Trade delegation scene staged with officials.
Day 4,Mvita (CBD),Kenya National Chamber of Commerce & Industry (KNCCI),T3,7,Establishing,Wide,5s,10:00–11:00,No,Entrance/exterior with signage — establishes the location
Day 4,Mvita (CBD),Kenya National Chamber of Commerce & Industry (KNCCI),T3,8,Product,Close/Medium,10s,controlled light,No,Membership & Mentorship Programme — Membership desk + mentorship pairing staged.
Day 4,Mvita (CBD),Kenya National Chamber of Commerce & Industry (KNCCI),T3,9,Money Shot,Wide/Medium,15s,golden hour / peak scene,No,"Money Shot for Kenya National Chamber of Commerce & Industry (KNCCI) — Kenya's apex private-sector body — business networking dinners, export readiness, trade missions."
Day 4,Mvita (CBD),Kenya National Chamber of Commerce & Industry (KNCCI),T3,10,People,Medium,10s,during activity,No,Staff/guests engaging with Kenya National Chamber of Commerce & Industry (KNCCI) (consent required)
Day 4,Mvita (CBD),Kenya Association of Manufacturers (KAM),T3,1,Establishing,Wide,5s,10:00–11:00,No,Entrance/exterior with signage — establishes the location
Day 4,Mvita (CBD),Kenya Association of Manufacturers (KAM),T3,2,Product,Close/Medium,10s,controlled light,No,Coast Industry Insight Tour — Tour group staged at factory site with KAM liaison.
Day 4,Mvita (CBD),Kenya Association of Manufacturers (KAM),T3,3,Establishing,Wide,5s,10:00–11:00,No,Entrance/exterior with signage — establishes the location
Day 4,Mvita (CBD),Kenya Association of Manufacturers (KAM),T3,4,Product,Close/Medium,10s,controlled light,No,Manufacturing Forum Day — Forum staged with speakers and delegates.
Day 4,Mvita (CBD),Kenya Association of Manufacturers (KAM),T3,5,Establishing,Wide,5s,10:00–11:00,No,Entrance/exterior with signage — establishes the location
Day 4,Mvita (CBD),Kenya Association of Manufacturers (KAM),T3,6,Product,Close/Medium,10s,controlled light,No,Policy Breakfast — Breakfast tables staged with policy documents.
Day 4,Mvita (CBD),Kenya Association of Manufacturers (KAM),T3,7,Establishing,Wide,5s,10:00–11:00,No,Entrance/exterior with signage — establishes the location
Day 4,Mvita (CBD),Kenya Association of Manufacturers (KAM),T3,8,Product,Close/Medium,10s,controlled light,No,Capability Report & Consultation — Reports displayed; consultation desk staged.
Day 4,Mvita (CBD),Kenya Association of Manufacturers (KAM),T3,9,Money Shot,Wide/Medium,15s,golden hour / peak scene,No,"Money Shot for Kenya Association of Manufacturers (KAM) — The manufacturing association — coast industry insight tours, policy breakfasts, forums."
Day 4,Mvita (CBD),Kenya Association of Manufacturers (KAM),T3,10,People,Medium,10s,during activity,No,Staff/guests engaging with Kenya Association of Manufacturers (KAM) (consent required)
Day 4,Mvita (CBD),CFAO Mobility Kenya,T3,1,Establishing,Wide,5s,10:00–11:00,No,Entrance/exterior with signage — establishes the location
Day 4,Mvita (CBD),CFAO Mobility Kenya,T3,2,Product,Close/Medium,10s,controlled light,No,"Showroom & Test Drive Day — Showroom staged: vehicles polished, signage visible."
Day 4,Mvita (CBD),CFAO Mobility Kenya,T3,3,Establishing,Wide,5s,10:00–11:00,No,Entrance/exterior with signage — establishes the location
Day 4,Mvita (CBD),CFAO Mobility Kenya,T3,4,Product,Close/Medium,10s,controlled light,No,Auto Care Masterclass — Service bay staged; technician-led session.
Day 4,Mvita (CBD),CFAO Mobility Kenya,T3,5,Establishing,Wide,5s,10:00–11:00,No,Entrance/exterior with signage — establishes the location
Day 4,Mvita (CBD),CFAO Mobility Kenya,T3,6,Product,Close/Medium,10s,controlled light,No,Fleet Solutions Workshop — Consultation room staged with fleet brochure.
Day 4,Mvita (CBD),CFAO Mobility Kenya,T3,7,Money Shot,Wide/Medium,15s,golden hour / peak scene,No,"Money Shot for CFAO Mobility Kenya — CFAO automotive — test-drive days, auto-care masterclasses, fleet workshops."
Day 4,Mvita (CBD),CFAO Mobility Kenya,T3,8,People,Medium,10s,during activity,No,Staff/guests engaging with CFAO Mobility Kenya (consent required)
Day 4,Mvita (CBD),Isuzu East Africa Dealer (Mombasa),T3,1,Establishing,Wide,5s,10:00–11:00,No,Entrance/exterior with signage — establishes the location
Day 4,Mvita (CBD),Isuzu East Africa Dealer (Mombasa),T3,2,Product,Close/Medium,10s,controlled light,No,Isuzu Truck Showcase & Ride — Showroom staged; truck lineup; test ride route.
Day 4,Mvita (CBD),Isuzu East Africa Dealer (Mombasa),T3,3,Establishing,Wide,5s,10:00–11:00,No,Entrance/exterior with signage — establishes the location
Day 4,Mvita (CBD),Isuzu East Africa Dealer (Mombasa),T3,4,Product,Close/Medium,10s,controlled light,No,Service Bay Experience — Service bay staged with vehicle on lift.
Day 4,Mvita (CBD),Isuzu East Africa Dealer (Mombasa),T3,5,Establishing,Wide,5s,10:00–11:00,No,Entrance/exterior with signage — establishes the location
Day 4,Mvita (CBD),Isuzu East Africa Dealer (Mombasa),T3,6,Product,Close/Medium,10s,controlled light,No,Fleet Owner's Day — Fleet owner event staged with Isuzu vehicles.
Day 4,Mvita (CBD),Isuzu East Africa Dealer (Mombasa),T3,7,Money Shot,Wide/Medium,15s,golden hour / peak scene,No,"Money Shot for Isuzu East Africa Dealer (Mombasa) — Isuzu trucks & pick-ups — truck showcase rides, service-bay experiences, fleet owner days."
Day 4,Mvita (CBD),Isuzu East Africa Dealer (Mombasa),T3,8,People,Medium,10s,during activity,No,Staff/guests engaging with Isuzu East Africa Dealer (Mombasa) (consent required)
Day 5,Changamwe,Pwani Oil Products Ltd,T3,1,Establishing,Wide,5s,10:00–11:00,No,Entrance/exterior with signage — establishes the location
Day 5,Changamwe,Pwani Oil Products Ltd,T3,2,Product,Close/Medium,10s,controlled light,No,Factory Discovery Tour — Plant line running; guide + group at viewing point.
Day 5,Changamwe,Pwani Oil Products Ltd,T3,3,Establishing,Wide,5s,10:00–11:00,No,Entrance/exterior with signage — establishes the location
Day 5,Changamwe,Pwani Oil Products Ltd,T3,4,Product,Close/Medium,10s,controlled light,No,Live Brand Kitchen Cooking — Cooking station with Pwani oils staged; chef demo.
Day 5,Changamwe,Pwani Oil Products Ltd,T3,5,Establishing,Wide,5s,10:00–11:00,No,Entrance/exterior with signage — establishes the location
Day 5,Changamwe,Pwani Oil Products Ltd,T3,6,Product,Close/Medium,10s,controlled light,No,Oil & Soap Making Demo — Demo station staged with products.
Day 5,Changamwe,Pwani Oil Products Ltd,T3,7,Establishing,Wide,5s,10:00–11:00,No,Entrance/exterior with signage — establishes the location
Day 5,Changamwe,Pwani Oil Products Ltd,T3,8,Product,Close/Medium,10s,controlled light,No,Bulk Oil Supply Experience — Bulk tanker/plant line staged; logistics bay.
Day 5,Changamwe,Pwani Oil Products Ltd,T3,9,Money Shot,Wide/Medium,15s,golden hour / peak scene,No,"Money Shot for Pwani Oil Products Ltd — Coastal edible-oil maker since 1984 — factory discovery tours, live brand kitchen, soap demos."
Day 5,Changamwe,Pwani Oil Products Ltd,T3,10,People,Medium,10s,during activity,No,Staff/guests engaging with Pwani Oil Products Ltd (consent required)
Day 5,Likoni,Dongo Kundu Special Economic Zone,T3,1,Establishing,Wide,5s,10:00–11:00,No,Entrance/exterior with signage — establishes the location
Day 5,Likoni,Dongo Kundu Special Economic Zone,T3,2,Product,Close/Medium,10s,controlled light,No,SEZ Investor Briefing Day — Masterplan display staged; officials present.
Day 5,Likoni,Dongo Kundu Special Economic Zone,T3,3,Establishing,Wide,5s,10:00–11:00,No,Entrance/exterior with signage — establishes the location
Day 5,Likoni,Dongo Kundu Special Economic Zone,T3,4,Product,Close/Medium,10s,controlled light,No,SEZ Site Tour & Flyover — Site + drone flyover staged; SEZ signage.
Day 5,Likoni,Dongo Kundu Special Economic Zone,T3,5,Establishing,Wide,5s,10:00–11:00,No,Entrance/exterior with signage — establishes the location
Day 5,Likoni,Dongo Kundu Special Economic Zone,T3,6,Product,Close/Medium,10s,controlled light,No,Industrial Plot Allocation Experience — Plotted land with markers; SEZ signage.
Day 5,Likoni,Dongo Kundu Special Economic Zone,T3,7,Money Shot,Wide/Medium,15s,golden hour / peak scene,No,"Money Shot for Dongo Kundu Special Economic Zone — Flagship SEZ at Likoni — investor briefings, site flyovers, investment tours."
Day 5,Likoni,Dongo Kundu Special Economic Zone,T3,8,People,Medium,10s,during activity,No,Staff/guests engaging with Dongo Kundu Special Economic Zone (consent required)
Day 5,Kisauni,Bamburi Cement PLC,T3,1,Establishing,Wide,5s,10:00–11:00,No,Entrance/exterior with signage — establishes the location
Day 5,Kisauni,Bamburi Cement PLC,T3,2,Product,Close/Medium,10s,controlled light,No,Plant Discovery Tour — Plant entrance + guide staged; safety gear on group.
Day 5,Kisauni,Bamburi Cement PLC,T3,3,Establishing,Wide,5s,10:00–11:00,No,Entrance/exterior with signage — establishes the location
Day 5,Kisauni,Bamburi Cement PLC,T3,4,Product,Close/Medium,10s,controlled light,No,Bamburi–Haller Restoration Walk — Walk route staged linking plant heritage to Haller Park.
Day 5,Kisauni,Bamburi Cement PLC,T3,5,Establishing,Wide,5s,10:00–11:00,No,Entrance/exterior with signage — establishes the location
Day 5,Kisauni,Bamburi Cement PLC,T3,6,Product,Close/Medium,10s,controlled light,No,Construction Careers Day — Career session staged with plant professionals.
Day 5,Kisauni,Bamburi Cement PLC,T3,7,Money Shot,Wide/Medium,15s,golden hour / peak scene,No,"Money Shot for Bamburi Cement PLC — Kenya's leading cement maker since 1951 — plant discovery tours, heritage walks with Haller Park."
Day 5,Kisauni,Bamburi Cement PLC,T3,8,People,Medium,10s,during activity,No,Staff/guests engaging with Bamburi Cement PLC (consent required)
Day 5,Mvita,Kenya Ports Authority - Port of Mombasa,T2,1,Establishing,Wide,5s,10:00–11:00,No,Entrance/exterior with signage — establishes the location
Day 5,Mvita,Kenya Ports Authority - Port of Mombasa,T2,2,Product,Close/Medium,10s,controlled light,No,Port Behind-the-Scenes Tour — Business delegation staged with port officials; viewing point.
Day 5,Mvita,Kenya Ports Authority - Port of Mombasa,T2,3,Establishing,Wide,5s,10:00–11:00,No,Entrance/exterior with signage — establishes the location
Day 5,Mvita,Kenya Ports Authority - Port of Mombasa,T2,4,Product,Close/Medium,10s,controlled light,No,Container Terminal Viewing Deck — Viewing deck staged; gantry cranes in action.
Day 5,Mvita,Kenya Ports Authority - Port of Mombasa,T2,5,Establishing,Wide,5s,10:00–11:00,No,Entrance/exterior with signage — establishes the location
Day 5,Mvita,Kenya Ports Authority - Port of Mombasa,T2,6,Product,Close/Medium,10s,controlled light,No,Marine Pilotage Ride-Along — Pilot boat staged; vessel entering harbour.
Day 5,Mvita,Kenya Ports Authority - Port of Mombasa,T2,7,Establishing,Wide,5s,10:00–11:00,No,Entrance/exterior with signage — establishes the location
Day 5,Mvita,Kenya Ports Authority - Port of Mombasa,T2,8,Product,Close/Medium,10s,controlled light,No,Port Photo Walk — Photography route staged at Kilindini with guide.
Day 5,Mvita,Kenya Ports Authority - Port of Mombasa,T2,9,Money Shot,Wide/Medium,15s,golden hour / peak scene,Yes,"Money Shot for Kenya Ports Authority - Port of Mombasa — East Africa's largest seaport — behind-the-scenes port tours, container terminal viewing, pilotage ride-alongs."
Day 5,Mvita,Kenya Ports Authority - Port of Mombasa,T2,10,People,Medium,10s,during activity,No,Staff/guests engaging with Kenya Ports Authority - Port of Mombasa (consent required)
Day 5,Mvita,Kenya Ports Authority - Port of Mombasa,T2,11,Detail,Close-up,8s,controlled light,No,Close-up detail/texture at Kenya Ports Authority - Port of Mombasa
Day 6,Mvita,Mombasa Cruise Terminal,T2,1,Establishing,Wide,5s,10:00–11:00,No,Entrance/exterior with signage — establishes the location
Day 6,Mvita,Mombasa Cruise Terminal,T2,2,Product,Close/Medium,10s,controlled light,No,Shore Excursion City Tour — Excursion group staged with guide at terminal exit.
Day 6,Mvita,Mombasa Cruise Terminal,T2,3,Establishing,Wide,5s,10:00–11:00,No,Entrance/exterior with signage — establishes the location
Day 6,Mvita,Mombasa Cruise Terminal,T2,4,Product,Close/Medium,10s,controlled light,No,"Terminal Welcome Experience — Terminal staged: desks, welcome signage, lounge."
Day 6,Mvita,Mombasa Cruise Terminal,T2,5,Establishing,Wide,5s,10:00–11:00,No,Entrance/exterior with signage — establishes the location
Day 6,Mvita,Mombasa Cruise Terminal,T2,6,Product,Close/Medium,10s,controlled light,No,Cruise Ship-Watching & Harbour Day — Viewing point staged; ship schedule displayed.
Day 6,Mvita,Mombasa Cruise Terminal,T2,7,Establishing,Wide,5s,10:00–11:00,No,Entrance/exterior with signage — establishes the location
Day 6,Mvita,Mombasa Cruise Terminal,T2,8,Product,Close/Medium,10s,controlled light,No,Beach & Marine Day Package — Package scene: beach/dhow staged with excursion banner.
Day 6,Mvita,Mombasa Cruise Terminal,T2,9,Money Shot,Wide/Medium,15s,golden hour / peak scene,Yes,"Money Shot for Mombasa Cruise Terminal — Kenya's cruise gateway — shore excursions, terminal welcome experiences, ship-watching."
Day 6,Mvita,Mombasa Cruise Terminal,T2,10,People,Medium,10s,during activity,No,Staff/guests engaging with Mombasa Cruise Terminal (consent required)
Day 6,Mvita,Mombasa Cruise Terminal,T2,11,Detail,Close-up,8s,controlled light,No,Close-up detail/texture at Mombasa Cruise Terminal
Day 6,Mvita,Kenya Maritime Authority (KMA),T3,1,Establishing,Wide,5s,10:00–11:00,No,Entrance/exterior with signage — establishes the location
Day 6,Mvita,Kenya Maritime Authority (KMA),T3,2,Product,Close/Medium,10s,controlled light,No,Harbour Patrol Boat Tour — Patrol boat staged; guided harbour route.
Day 6,Mvita,Kenya Maritime Authority (KMA),T3,3,Establishing,Wide,5s,10:00–11:00,No,Entrance/exterior with signage — establishes the location
Day 6,Mvita,Kenya Maritime Authority (KMA),T3,4,Product,Close/Medium,10s,controlled light,No,Maritime Careers Day — Careers session staged with KMA officers.
Day 6,Mvita,Kenya Maritime Authority (KMA),T3,5,Establishing,Wide,5s,10:00–11:00,No,Entrance/exterior with signage — establishes the location
Day 6,Mvita,Kenya Maritime Authority (KMA),T3,6,Product,Close/Medium,10s,controlled light,No,Seafarer Skills Workshop — Training room staged with students + instructor.
Day 6,Mvita,Kenya Maritime Authority (KMA),T3,7,Money Shot,Wide/Medium,15s,golden hour / peak scene,No,"Money Shot for Kenya Maritime Authority (KMA) — National maritime regulator — harbour patrol boat tours, maritime careers days, skills workshops."
Day 6,Mvita,Kenya Maritime Authority (KMA),T3,8,People,Medium,10s,during activity,No,Staff/guests engaging with Kenya Maritime Authority (KMA) (consent required)
Day 6,Mvita,Siginon Group,T3,1,Establishing,Wide,5s,10:00–11:00,No,Entrance/exterior with signage — establishes the location
Day 6,Mvita,Siginon Group,T3,2,Product,Close/Medium,10s,controlled light,No,Freight Journey Experience — Container + ship backdrop staged; journey explained.
Day 6,Mvita,Siginon Group,T3,3,Establishing,Wide,5s,10:00–11:00,No,Entrance/exterior with signage — establishes the location
Day 6,Mvita,Siginon Group,T3,4,Product,Close/Medium,10s,controlled light,No,Warehouse & Logistics Tour — Warehouse staged with goods + forklift; guide.
Day 6,Mvita,Siginon Group,T3,5,Establishing,Wide,5s,10:00–11:00,No,Entrance/exterior with signage — establishes the location
Day 6,Mvita,Siginon Group,T3,6,Product,Close/Medium,10s,controlled light,No,Customs Clearance Masterclass — Documentation desk staged; expert-led session.
Day 6,Mvita,Siginon Group,T3,7,Money Shot,Wide/Medium,15s,golden hour / peak scene,No,"Money Shot for Siginon Group — 90+ years of logistics — freight journey experiences, warehouse tours, customs masterclasses."
Day 6,Mvita,Siginon Group,T3,8,People,Medium,10s,during activity,No,Staff/guests engaging with Siginon Group (consent required)
Day 6,Mvita,Kenya Coast Guard Service,T3,1,Establishing,Wide,5s,10:00–11:00,No,Entrance/exterior with signage — establishes the location
Day 6,Mvita,Kenya Coast Guard Service,T3,2,Product,Close/Medium,10s,controlled light,No,Coast Guard Base & Vessel Tour — Patrol vessel staged at base; crew in uniform.
Day 6,Mvita,Kenya Coast Guard Service,T3,3,Establishing,Wide,5s,10:00–11:00,No,Entrance/exterior with signage — establishes the location
Day 6,Mvita,Kenya Coast Guard Service,T3,4,Product,Close/Medium,10s,controlled light,No,Search & Rescue Showcase Day — Rescue demo staged with crew and boat.
Day 6,Mvita,Kenya Coast Guard Service,T3,5,Establishing,Wide,5s,10:00–11:00,No,Entrance/exterior with signage — establishes the location
Day 6,Mvita,Kenya Coast Guard Service,T3,6,Product,Close/Medium,10s,controlled light,No,Maritime Safety Demo & Training — Training session staged with coast guard officers.
Day 6,Mvita,Kenya Coast Guard Service,T3,7,Money Shot,Wide/Medium,15s,golden hour / peak scene,No,"Money Shot for Kenya Coast Guard Service — Protecting Kenya's waters — base visits, vessel tours, search & rescue showcase days."
Day 6,Mvita,Kenya Coast Guard Service,T3,8,People,Medium,10s,during activity,No,Staff/guests engaging with Kenya Coast Guard Service (consent required)
Day 7,Likoni,Liwatoni Fish Port & Fish Market,T2,1,Establishing,Wide,5s,10:00–11:00,No,Entrance/exterior with signage — establishes the location
Day 7,Likoni,Liwatoni Fish Port & Fish Market,T2,2,Product,Close/Medium,10s,controlled light,No,"Sunrise Fish Auction Experience — Auction staged: fish crates, auctioneer, buyers at dawn."
Day 7,Likoni,Liwatoni Fish Port & Fish Market,T2,3,Establishing,Wide,5s,10:00–11:00,No,Entrance/exterior with signage — establishes the location
Day 7,Likoni,Liwatoni Fish Port & Fish Market,T2,4,Product,Close/Medium,10s,controlled light,No,Fresh Catch Cooking Demo — Cooking station with fresh catch; chef demo.
Day 7,Likoni,Liwatoni Fish Port & Fish Market,T2,5,Establishing,Wide,5s,10:00–11:00,No,Entrance/exterior with signage — establishes the location
Day 7,Likoni,Liwatoni Fish Port & Fish Market,T2,6,Product,Close/Medium,10s,controlled light,No,Market Walk & Seafood Tasting — Market stalls staged with fresh catch; tasting route.
Day 7,Likoni,Liwatoni Fish Port & Fish Market,T2,7,Establishing,Wide,5s,10:00–11:00,No,Entrance/exterior with signage — establishes the location
Day 7,Likoni,Liwatoni Fish Port & Fish Market,T2,8,Product,Close/Medium,10s,controlled light,No,Fishermen's Story Boat Tour — Fishing boat staged; fishermen narrate coastal life.
Day 7,Likoni,Liwatoni Fish Port & Fish Market,T2,9,Money Shot,Wide/Medium,15s,golden hour / peak scene,Yes,"Money Shot for Liwatoni Fish Port & Fish Market — Modern fish landing and market — sunrise auctions, fresh-catch cooking demos, fishermen's story tours."
Day 7,Likoni,Liwatoni Fish Port & Fish Market,T2,10,People,Medium,10s,during activity,No,Staff/guests engaging with Liwatoni Fish Port & Fish Market (consent required)
Day 7,Likoni,Liwatoni Fish Port & Fish Market,T2,11,Detail,Close-up,8s,controlled light,No,Close-up detail/texture at Liwatoni Fish Port & Fish Market
Day 7,Likoni,Kenya Shipyards Ltd,T3,1,Establishing,Wide,5s,10:00–11:00,No,Entrance/exterior with signage — establishes the location
Day 7,Likoni,Kenya Shipyards Ltd,T3,2,Product,Close/Medium,10s,controlled light,No,Dry-Dock Discovery Tour — Vessel in dry-dock staged; workers in safety gear.
Day 7,Likoni,Kenya Shipyards Ltd,T3,3,Establishing,Wide,5s,10:00–11:00,No,Entrance/exterior with signage — establishes the location
Day 7,Likoni,Kenya Shipyards Ltd,T3,4,Product,Close/Medium,10s,controlled light,No,Shipbuilding Careers Day — Careers session staged with shipwrights.
Day 7,Likoni,Kenya Shipyards Ltd,T3,5,Establishing,Wide,5s,10:00–11:00,No,Entrance/exterior with signage — establishes the location
Day 7,Likoni,Kenya Shipyards Ltd,T3,6,Product,Close/Medium,10s,controlled light,No,Marine Engineering Demo — Engineering workshop staged; live demo.
Day 7,Likoni,Kenya Shipyards Ltd,T3,7,Money Shot,Wide/Medium,15s,golden hour / peak scene,No,"Money Shot for Kenya Shipyards Ltd — Kenya's national shipbuilder — dry-dock discovery tours, shipbuilding careers days."
Day 7,Likoni,Kenya Shipyards Ltd,T3,8,People,Medium,10s,during activity,No,Staff/guests engaging with Kenya Shipyards Ltd (consent required)
Day 7,Nyali,Kenya Marine & Fisheries Research Institute (KEMFRI),T3,1,Establishing,Wide,5s,10:00–11:00,No,Entrance/exterior with signage — establishes the location
Day 7,Nyali,Kenya Marine & Fisheries Research Institute (KEMFRI),T3,2,Product,Close/Medium,10s,controlled light,No,"Marine Science Lab Tour — Lab staged: researchers, instruments, samples."
Day 7,Nyali,Kenya Marine & Fisheries Research Institute (KEMFRI),T3,3,Establishing,Wide,5s,10:00–11:00,No,Entrance/exterior with signage — establishes the location
Day 7,Nyali,Kenya Marine & Fisheries Research Institute (KEMFRI),T3,4,Product,Close/Medium,10s,controlled light,No,Aquaculture Field Day — Fish farm site staged; hands-on session.
Day 7,Nyali,Kenya Marine & Fisheries Research Institute (KEMFRI),T3,5,Establishing,Wide,5s,10:00–11:00,No,Entrance/exterior with signage — establishes the location
Day 7,Nyali,Kenya Marine & Fisheries Research Institute (KEMFRI),T3,6,Product,Close/Medium,10s,controlled light,No,Oceanography Workshop — Workshop staged with research vessel or lab.
Day 7,Nyali,Kenya Marine & Fisheries Research Institute (KEMFRI),T3,7,Money Shot,Wide/Medium,15s,golden hour / peak scene,No,"Money Shot for Kenya Marine & Fisheries Research Institute (KEMFRI) — Kenya's apex marine research body — marine science lab tours, aquaculture field days."
Day 7,Nyali,Kenya Marine & Fisheries Research Institute (KEMFRI),T3,8,People,Medium,10s,during activity,No,Staff/guests engaging with Kenya Marine & Fisheries Research Institute (KEMFRI) (consent required)
Day 8,Kisauni,Bombolulu Workshops,T1,1,Establishing,Wide,5s,10:00–11:00,No,Entrance/exterior with signage — establishes the location
Day 8,Kisauni,Bombolulu Workshops,T1,2,Product,Close/Medium,10s,controlled light,Yes,Jewellery-Making Masterclass — Artisan benches staged with materials; take-home piece.
Day 8,Kisauni,Bombolulu Workshops,T1,3,Establishing,Wide,5s,10:00–11:00,No,Entrance/exterior with signage — establishes the location
Day 8,Kisauni,Bombolulu Workshops,T1,4,Product,Close/Medium,10s,controlled light,Yes,Cultural Dance & Music Evening — Performers in traditional costume staged on stage.
Day 8,Kisauni,Bombolulu Workshops,T1,5,Establishing,Wide,5s,10:00–11:00,No,Entrance/exterior with signage — establishes the location
Day 8,Kisauni,Bombolulu Workshops,T1,6,Product,Close/Medium,10s,controlled light,Yes,Craft Workshop + Take-Home — Workshop staged; artisan guides; piece to take home.
Day 8,Kisauni,Bombolulu Workshops,T1,7,Establishing,Wide,5s,10:00–11:00,No,Entrance/exterior with signage — establishes the location
Day 8,Kisauni,Bombolulu Workshops,T1,8,Product,Close/Medium,10s,controlled light,Yes,Centre Tour & Swahili Lunch — Tour route staged; lunch table set.
Day 8,Kisauni,Bombolulu Workshops,T1,9,Money Shot,Wide/Medium,15s,golden hour / peak scene,Yes,"Money Shot for Bombolulu Workshops — Award-winning inclusive craft enterprise — jewellery-making masterclasses, cultural dance evenings."
Day 8,Kisauni,Bombolulu Workshops,T1,10,People,Medium,10s,during activity,No,Staff/guests engaging with Bombolulu Workshops (consent required)
Day 8,Kisauni,Bombolulu Workshops,T1,11,Detail,Close-up,8s,controlled light,No,Close-up detail/texture at Bombolulu Workshops
Day 8,Kisauni,Bombolulu Workshops,T1,12,Context,Ultra-wide,10s,golden hour,No,View from Bombolulu Workshops — Kisauni surroundings
Day 8,Mvita,Mombasa Tea Auction,T3,1,Establishing,Wide,5s,10:00–11:00,No,Entrance/exterior with signage — establishes the location
Day 8,Mvita,Mombasa Tea Auction,T3,2,Product,Close/Medium,10s,controlled light,No,"Tea Auction Day Viewing — Auction hall staged: auctioneer, tea samples, bidders."
Day 8,Mvita,Mombasa Tea Auction,T3,3,Establishing,Wide,5s,10:00–11:00,No,Entrance/exterior with signage — establishes the location
Day 8,Mvita,Mombasa Tea Auction,T3,4,Product,Close/Medium,10s,controlled light,No,Tea Tasting Masterclass — Tasting station with auction-grade Kenyan teas.
Day 8,Mvita,Mombasa Tea Auction,T3,5,Establishing,Wide,5s,10:00–11:00,No,Entrance/exterior with signage — establishes the location
Day 8,Mvita,Mombasa Tea Auction,T3,6,Product,Close/Medium,10s,controlled light,No,Tea Trade & Export Seminar — Seminar room staged with export materials.
Day 8,Mvita,Mombasa Tea Auction,T3,7,Money Shot,Wide/Medium,15s,golden hour / peak scene,No,"Money Shot for Mombasa Tea Auction — The world's largest black tea auction — auction-day viewing, tea-tasting masterclasses."
Day 8,Mvita,Mombasa Tea Auction,T3,8,People,Medium,10s,during activity,No,Staff/guests engaging with Mombasa Tea Auction (consent required)
Day 8,Mvita,Swahilipot Hub,T3,1,Establishing,Wide,5s,10:00–11:00,No,Entrance/exterior with signage — establishes the location
Day 8,Mvita,Swahilipot Hub,T3,2,Product,Close/Medium,10s,controlled light,No,Creative Studio Day Pass — Studio/makerspace staged with artists at work.
Day 8,Mvita,Swahilipot Hub,T3,3,Establishing,Wide,5s,10:00–11:00,No,Entrance/exterior with signage — establishes the location
Day 8,Mvita,Swahilipot Hub,T3,4,Product,Close/Medium,10s,controlled light,No,Art & Tech Workshop — Workshop session staged with participants.
Day 8,Mvita,Swahilipot Hub,T3,5,Establishing,Wide,5s,10:00–11:00,No,Entrance/exterior with signage — establishes the location
Day 8,Mvita,Swahilipot Hub,T3,6,Product,Close/Medium,10s,controlled light,No,Exhibition Opening Night — Exhibition space staged with art on walls + guests.
Day 8,Mvita,Swahilipot Hub,T3,7,Money Shot,Wide/Medium,15s,golden hour / peak scene,No,"Money Shot for Swahilipot Hub — Mombasa's creative & innovation hub — studio day passes, art & tech workshops, exhibition nights."
Day 8,Mvita,Swahilipot Hub,T3,8,People,Medium,10s,during activity,No,Staff/guests engaging with Swahilipot Hub (consent required)
Day 8,Changamwe,Akamba Handicraft Cooperative,T1,1,Establishing,Wide,5s,10:00–11:00,No,Entrance/exterior with signage — establishes the location
Day 8,Changamwe,Akamba Handicraft Cooperative,T1,2,Product,Close/Medium,10s,controlled light,Yes,Carve Your Own Souvenir — Carving bench staged with tools; artisan guides; take-home piece.
Day 8,Changamwe,Akamba Handicraft Cooperative,T1,3,Establishing,Wide,5s,10:00–11:00,No,Entrance/exterior with signage — establishes the location
Day 8,Changamwe,Akamba Handicraft Cooperative,T1,4,Product,Close/Medium,10s,controlled light,Yes,Gallery Walk & Craft Tour — Gallery rows staged; carvers at work.
Day 8,Changamwe,Akamba Handicraft Cooperative,T1,5,Establishing,Wide,5s,10:00–11:00,No,Entrance/exterior with signage — establishes the location
Day 8,Changamwe,Akamba Handicraft Cooperative,T1,6,Product,Close/Medium,10s,controlled light,Yes,Custom Carving Commission — Signature piece staged; commission consultation.
Day 8,Changamwe,Akamba Handicraft Cooperative,T1,7,Money Shot,Wide/Medium,15s,golden hour / peak scene,Yes,"Money Shot for Akamba Handicraft Cooperative — Kenya's famous carving cooperative — carve-your-own-souvenir workshops, gallery walks."
Day 8,Changamwe,Akamba Handicraft Cooperative,T1,8,People,Medium,10s,during activity,No,Staff/guests engaging with Akamba Handicraft Cooperative (consent required)
Day 8,Changamwe,Akamba Handicraft Cooperative,T1,9,Detail,Close-up,8s,controlled light,No,Close-up detail/texture at Akamba Handicraft Cooperative
Day 8,Changamwe,Akamba Handicraft Cooperative,T1,10,Context,Ultra-wide,10s,golden hour,No,View from Akamba Handicraft Cooperative — Changamwe surroundings
Day 9,Changamwe,Moi International Airport,T1,1,Establishing,Wide,5s,10:00–11:00,No,Entrance/exterior with signage — establishes the location
Day 9,Changamwe,Moi International Airport,T1,2,Product,Close/Medium,10s,controlled light,Yes,"Airport & Aviation Discovery Tour — Behind-the-scenes tour: terminal, apron gallery, fire & rescue station, runway views. KAA liaison on site."
Day 9,Changamwe,Moi International Airport,T1,3,Establishing,Wide,5s,10:00–11:00,No,Entrance/exterior with signage — establishes the location
Day 9,Changamwe,Moi International Airport,T1,4,Product,Close/Medium,10s,controlled light,Yes,Plane Spotting & Runway Viewing — Runway-viewing spot staged with commentary guide; arrivals/departures timetable.
Day 9,Changamwe,Moi International Airport,T1,5,Establishing,Wide,5s,10:00–11:00,No,Entrance/exterior with signage — establishes the location
Day 9,Changamwe,Moi International Airport,T1,6,Product,Close/Medium,10s,controlled light,Yes,VIP Fast-Track & Lounge Departure — Priority check-in staged; fast-track lane; lounge with refreshments.
Day 9,Changamwe,Moi International Airport,T1,7,Establishing,Wide,5s,10:00–11:00,No,Entrance/exterior with signage — establishes the location
Day 9,Changamwe,Moi International Airport,T1,8,Product,Close/Medium,10s,controlled light,Yes,First-Time Flyer Experience — Personal escort; journey simulation check-in → security → boarding.
Day 9,Changamwe,Moi International Airport,T1,9,Establishing,Wide,5s,10:00–11:00,No,Entrance/exterior with signage — establishes the location
Day 9,Changamwe,Moi International Airport,T1,10,Product,Close/Medium,10s,controlled light,Yes,Aviation Discovery Programme (Schools) — School group staged with aviation professionals; careers talk.
Day 9,Changamwe,Moi International Airport,T1,11,Money Shot,Wide/Medium,15s,golden hour / peak scene,Yes,"Money Shot for Moi International Airport — Mombasa's international airport — plane spotting, aviation discovery tours, VIP fast-track departures."
Day 9,Changamwe,Moi International Airport,T1,12,People,Medium,10s,during activity,No,Staff/guests engaging with Moi International Airport (consent required)
Day 9,Changamwe,Moi International Airport,T1,13,Detail,Close-up,8s,controlled light,No,Close-up detail/texture at Moi International Airport
Day 9,Changamwe,Moi International Airport,T1,14,Context,Ultra-wide,10s,golden hour,No,View from Moi International Airport — Changamwe surroundings
Day 9,Jomvu,Miritini SGR Terminus,T2,1,Establishing,Wide,5s,10:00–11:00,No,Entrance/exterior with signage — establishes the location
Day 9,Jomvu,Miritini SGR Terminus,T2,2,Product,Close/Medium,10s,controlled light,No,SGR Express Journey Experience — Train at platform staged; station signage visible.
Day 9,Jomvu,Miritini SGR Terminus,T2,3,Establishing,Wide,5s,10:00–11:00,No,Entrance/exterior with signage — establishes the location
Day 9,Jomvu,Miritini SGR Terminus,T2,4,Product,Close/Medium,10s,controlled light,No,"First Class Travel Experience — First-class interior staged: seats, table, amenity."
Day 9,Jomvu,Miritini SGR Terminus,T2,5,Establishing,Wide,5s,10:00–11:00,No,Entrance/exterior with signage — establishes the location
Day 9,Jomvu,Miritini SGR Terminus,T2,6,Product,Close/Medium,10s,controlled light,No,Terminus Heritage Walk & Tour — Tour group + guide staged on platform.
Day 9,Jomvu,Miritini SGR Terminus,T2,7,Establishing,Wide,5s,10:00–11:00,No,Entrance/exterior with signage — establishes the location
Day 9,Jomvu,Miritini SGR Terminus,T2,8,Product,Close/Medium,10s,controlled light,No,Freight Yard Viewing — Freight yard staged with wagons and containers.
Day 9,Jomvu,Miritini SGR Terminus,T2,9,Money Shot,Wide/Medium,15s,golden hour / peak scene,Yes,"Money Shot for Miritini SGR Terminus — The Standard Gauge Railway coastal terminus — express journeys, first-class travel, terminus heritage walks."
Day 9,Jomvu,Miritini SGR Terminus,T2,10,People,Medium,10s,during activity,No,Staff/guests engaging with Miritini SGR Terminus (consent required)
Day 9,Jomvu,Miritini SGR Terminus,T2,11,Detail,Close-up,8s,controlled light,No,Close-up detail/texture at Miritini SGR Terminus
Day 9,Jomvu,Inland Container Depot (ICD),T3,1,Establishing,Wide,5s,10:00–11:00,No,Entrance/exterior with signage — establishes the location
Day 9,Jomvu,Inland Container Depot (ICD),T3,2,Product,Close/Medium,10s,controlled light,No,Container Yard Tour — Container yard staged; reach stacker in action.
Day 9,Jomvu,Inland Container Depot (ICD),T3,3,Establishing,Wide,5s,10:00–11:00,No,Entrance/exterior with signage — establishes the location
Day 9,Jomvu,Inland Container Depot (ICD),T3,4,Product,Close/Medium,10s,controlled light,No,Logistics Day Experience — Day programme staged with logistics professionals.
Day 9,Jomvu,Inland Container Depot (ICD),T3,5,Establishing,Wide,5s,10:00–11:00,No,Entrance/exterior with signage — establishes the location
Day 9,Jomvu,Inland Container Depot (ICD),T3,6,Product,Close/Medium,10s,controlled light,No,Customs Process Walkthrough — Documentation desk staged; expert explains process.
Day 9,Jomvu,Inland Container Depot (ICD),T3,7,Money Shot,Wide/Medium,15s,golden hour / peak scene,No,"Money Shot for Inland Container Depot (ICD) — Container handling and customs hub — container yard tours, logistics days, customs walkthroughs."
Day 9,Jomvu,Inland Container Depot (ICD),T3,8,People,Medium,10s,during activity,No,Staff/guests engaging with Inland Container Depot (ICD) (consent required)
Day 10,Mvita,Buxton Point Development,T3,1,Establishing,Wide,5s,10:00–11:00,No,Entrance/exterior with signage — establishes the location
Day 10,Mvita,Buxton Point Development,T3,2,Product,Close/Medium,10s,controlled light,No,"Waterfront Show Apartment Tour — Show apartment staged: furniture, harbour views open."
Day 10,Mvita,Buxton Point Development,T3,3,Establishing,Wide,5s,10:00–11:00,No,Entrance/exterior with signage — establishes the location
Day 10,Mvita,Buxton Point Development,T3,4,Product,Close/Medium,10s,controlled light,No,Sunset Viewing Deck Experience — Viewing deck staged at golden hour over the harbour.
Day 10,Mvita,Buxton Point Development,T3,5,Establishing,Wide,5s,10:00–11:00,No,Entrance/exterior with signage — establishes the location
Day 10,Mvita,Buxton Point Development,T3,6,Product,Close/Medium,10s,controlled light,No,Investment Briefing Day — Briefing room staged with masterplan.
Day 10,Mvita,Buxton Point Development,T3,7,Money Shot,Wide/Medium,15s,golden hour / peak scene,No,"Money Shot for Buxton Point Development — Waterfront real estate on Mombasa Island — show-apartment tours, sunset viewing decks."
Day 10,Mvita,Buxton Point Development,T3,8,People,Medium,10s,during activity,No,Staff/guests engaging with Buxton Point Development (consent required)
Day 10,Nyali,English Point Marina (Real Estate),T3,1,Establishing,Wide,5s,10:00–11:00,No,Entrance/exterior with signage — establishes the location
Day 10,Nyali,English Point Marina (Real Estate),T3,2,Product,Close/Medium,10s,controlled light,No,Marina Lifestyle Showcase — Show apartment staged with marina view.
Day 10,Nyali,English Point Marina (Real Estate),T3,3,Establishing,Wide,5s,10:00–11:00,No,Entrance/exterior with signage — establishes the location
Day 10,Nyali,English Point Marina (Real Estate),T3,4,Product,Close/Medium,10s,controlled light,No,Waterfront Investment Tour — Sales team + site signage staged.
Day 10,Nyali,English Point Marina (Real Estate),T3,5,Money Shot,Wide/Medium,15s,golden hour / peak scene,No,"Money Shot for English Point Marina (Real Estate) — Marina real estate — lifestyle showcase tours, apartment viewings with marina views."
Day 10,Nyali,English Point Marina (Real Estate),T3,6,People,Medium,10s,during activity,No,Staff/guests engaging with English Point Marina (Real Estate) (consent required)
Day 10,Mvita,Kongowea Market,T1,1,Establishing,Wide,5s,10:00–11:00,No,Entrance/exterior with signage — establishes the location
Day 10,Mvita,Kongowea Market,T1,2,Product,Close/Medium,10s,controlled light,Yes,Sunrise Market Walk & Breakfast — Market staged at dawn; guide + visitors; breakfast stop.
Day 10,Mvita,Kongowea Market,T1,3,Establishing,Wide,5s,10:00–11:00,No,Entrance/exterior with signage — establishes the location
Day 10,Mvita,Kongowea Market,T1,4,Product,Close/Medium,10s,controlled light,Yes,Cook with Market Produce — Cooking station staged with fresh market baskets.
Day 10,Mvita,Kongowea Market,T1,5,Establishing,Wide,5s,10:00–11:00,No,Entrance/exterior with signage — establishes the location
Day 10,Mvita,Kongowea Market,T1,6,Product,Close/Medium,10s,controlled light,Yes,Fresh Produce Basket & Tasting — Baskets filled with fruits/vegetables; tasting table.
Day 10,Mvita,Kongowea Market,T1,7,Establishing,Wide,5s,10:00–11:00,No,Entrance/exterior with signage — establishes the location
Day 10,Mvita,Kongowea Market,T1,8,Product,Close/Medium,10s,controlled light,Yes,Trader Story Tour — Traders staged at stalls; stories of coastal commerce.
Day 10,Mvita,Kongowea Market,T1,9,Money Shot,Wide/Medium,15s,golden hour / peak scene,Yes,"Money Shot for Kongowea Market — Mombasa's largest fresh produce market — sunrise market walks, cooking with market produce."
Day 10,Mvita,Kongowea Market,T1,10,People,Medium,10s,during activity,No,Staff/guests engaging with Kongowea Market (consent required)
Day 10,Mvita,Kongowea Market,T1,11,Detail,Close-up,8s,controlled light,No,Close-up detail/texture at Kongowea Market
Day 10,Mvita,Kongowea Market,T1,12,Context,Ultra-wide,10s,golden hour,No,View from Kongowea Market — Mvita surroundings
