county_id,month,avg_temp_c,rainfall_mm,tourism_season,agri_season,weather_tag
1,1,28,10,peak,dry,warm_sunny
1,2,29,5,peak,dry,hot_sunny
1,3,30,20,peak,light_rains,hot_sunny
1,4,29,150,low,heavy_rains,warm_wet
1,5,28,200,low,heavy_rains,warm_wet
1,6,27,100,mid,heavy_rains,warm_wet
1,7,26,50,peak,dry,warm_sunny
1,8,26,30,peak,dry,warm_sunny
1,9,27,20,peak,dry,warm_sunny
1,10,28,80,mid,light_rains,warm_humid
1,11,28,120,mid,light_rains,warm_humid
1,12,28,30,peak,dry,warm_sunny
23,1,35,5,mid,dry,hot_sunny
23,2,36,5,mid,dry,hot_sunny
23,3,37,10,mid,dry,very_hot
23,4,35,50,low,light_rains,hot_humid
23,5,34,80,low,heavy_rains,hot_humid
23,6,33,30,mid,dry,hot_sunny
23,7,32,20,mid,dry,hot_sunny
23,8,33,10,mid,dry,hot_sunny
23,9,34,5,peak,dry,hot_sunny
23,10,35,20,peak,light_rains,hot_sunny
23,11,35,40,mid,light_rains,hot_humid
23,12,35,15,mid,dry,hot_sunny
32,1,22,30,peak,dry,warm_sunny
32,2,23,20,peak,dry,warm_sunny
32,3,24,40,peak,light_rains,warm_sunny
32,4,23,120,mid,heavy_rains,cool_wet
32,5,22,140,mid,heavy_rains,cool_wet
32,6,21,60,mid,dry,cool_dry
32,7,20,50,mid,dry,cool_dry
32,8,20,40,mid,dry,cool_dry
32,9,21,30,peak,dry,warm_sunny
32,10,22,50,peak,light_rains,warm_sunny
32,11,22,80,mid,light_rains,cool_humid
32,12,22,40,peak,dry,warm_sunny
46,1,22,40,peak,dry,warm_sunny
46,2,23,30,peak,dry,warm_sunny
46,3,24,60,peak,light_rains,warm_sunny
46,4,22,140,mid,heavy_rains,cool_wet
46,5,21,160,mid,heavy_rains,cool_wet
46,6,20,60,mid,dry,cool_dry
46,7,19,40,low,dry,cool_dry
46,8,19,30,low,dry,cool_dry
46,9,21,30,peak,dry,warm_sunny
46,10,22,50,peak,light_rains,warm_sunny
46,11,22,80,mid,light_rains,cool_humid
46,12,22,50,peak,dry,warm_sunny
